-- phpMyAdmin SQL Dump
-- version 5.1.1
-- https://www.phpmyadmin.net/
--
-- Host: 127.0.0.1
-- Generation Time: Jun 30, 2022 at 05:12 PM
-- Server version: 10.4.19-MariaDB
-- PHP Version: 8.0.7

SET SQL_MODE = "NO_AUTO_VALUE_ON_ZERO";
START TRANSACTION;
SET time_zone = "+00:00";


/*!40101 SET @OLD_CHARACTER_SET_CLIENT=@@CHARACTER_SET_CLIENT */;
/*!40101 SET @OLD_CHARACTER_SET_RESULTS=@@CHARACTER_SET_RESULTS */;
/*!40101 SET @OLD_COLLATION_CONNECTION=@@COLLATION_CONNECTION */;
/*!40101 SET NAMES utf8mb4 */;

--
-- Database: `wetour`
--

-- --------------------------------------------------------

--
-- Table structure for table `administrative`
--

CREATE TABLE `administrative` (
  `admId` int(3) NOT NULL,
  `admName` varchar(31) DEFAULT NULL,
  `admCountryId` int(3) DEFAULT NULL,
  `admCapital` varchar(31) DEFAULT NULL,
  `admLong` float(25,20) DEFAULT NULL,
  `admLat` float(25,20) DEFAULT NULL
) ENGINE=InnoDB DEFAULT CHARSET=utf8mb4;

--
-- Dumping data for table `administrative`
--

INSERT INTO `administrative` (`admId`, `admName`, `admCountryId`, `admCapital`, `admLong`, `admLat`) VALUES
(1, 'Brunei Muara', 1, 'Bandar Seri Begawan', 114.93981933593750000000, 4.90305233001709000000),
(2, 'Belait', 1, 'Kuala Belait', 114.22121429443360000000, 4.58319854736328100000),
(3, 'Tutong', 1, 'Tutong', 114.66085815429688000000, 4.81405258178710900000),
(4, 'Temburong', 1, 'Bangar', 115.07625579833984000000, 4.71271228790283200000),
(5, 'Abra', 2, 'Bangued', 120.63149261474610000000, 17.58818435668945300000),
(6, 'Agusan del Norte', 2, 'Cabadbaran', 125.53760528564453000000, 9.12219238281250000000),
(7, 'Agusan del Sur', 2, 'Properidad', 125.87161254882812000000, 8.67623043060302700000),
(8, 'Aklan', 2, 'Kalibo', 122.36743164062500000000, 11.68922424316406200000),
(9, 'Albay', 2, 'Legazpi', 123.75185394287110000000, 13.16403961181640600000),
(10, 'Antique', 2, 'San Jose de Buenavista', 121.94126129150390000000, 10.74890708923339800000),
(11, 'Apayao', 2, 'Kabugao', 121.12521362304688000000, 17.97793769836425800000),
(12, 'Aurora', 2, 'Baler', 121.57125091552734000000, 15.73360729217529300000),
(13, 'Basilan', 2, 'Lamitan', 122.10646820068360000000, 6.66151905059814450000),
(14, 'Bataan', 2, 'Balanga', 120.51129150390625000000, 14.67412948608398400000),
(15, 'Batanes', 2, 'Basco', 122.00418090820312000000, 20.46343803405761700000),
(16, 'Batangas', 2, 'Batangas City', 121.05830383300781000000, 13.75646495819091800000),
(17, 'Benguet', 2, 'La Trinidad', 120.58546447753906000000, 16.47742843627929700000),
(18, 'Biliran', 2, 'Naval', 124.39653015136719000000, 11.56285762786865200000),
(19, 'Bohol', 2, 'Tagbilaran', 123.87300109863281000000, 9.67294788360595700000),
(20, 'Bukidnon', 2, 'Malaybalay', 125.13209533691406000000, 8.14785766601562500000),
(21, 'Bulacan', 2, 'Malolos', 120.81604003906250000000, 14.85273933410644500000),
(22, 'Cagayan', 2, 'Tuguegarao', 121.72106170654297000000, 17.62191581726074200000),
(23, 'Camarines Norte', 2, 'Daet', 122.95503234863281000000, 14.09957790374755900000),
(24, 'Camarines Sur', 2, 'Pili', 123.28125762939453000000, 13.59546947479248000000),
(25, 'Camiguin', 2, 'Mambajao', 124.70776367187500000000, 9.23216724395752000000),
(26, 'Capiz', 2, 'Roxas', 122.74072265625000000000, 11.55288124084472700000),
(27, 'Catanduanes', 2, 'Virac', 124.20658111572266000000, 13.58486270904541000000),
(28, 'Cavite', 2, 'Imus', 120.94050598144531000000, 14.40642166137695300000),
(29, 'Cebu', 2, 'Cebu City', 123.88543701171875000000, 10.31569957733154300000),
(30, 'Cotabato', 2, 'Kidapawan', 125.09113311767578000000, 7.01060676574707000000),
(31, 'Davao de Oro', 2, 'Nabunturan', 125.98055267333984000000, 7.58536863327026400000),
(32, 'Davao del Norte', 2, 'Tagum', 125.80934906005860000000, 7.44717311859130900000),
(33, 'Davao del Sur', 2, 'Digos', 125.36675262451172000000, 6.73971891403198200000),
(34, 'Davao Occidental', 2, 'Malita', 125.58159637451172000000, 6.38430213928222700000),
(35, 'Davao Oriental', 2, 'Mati', 126.21731567382812000000, 6.95216751098632800000),
(36, 'Dinagat Islands', 2, 'San Jose', 125.59860992431640000000, 10.02549648284912100000),
(37, 'Eastern Samar', 2, 'Borongan', 125.43285369873047000000, 11.60799121856689500000),
(38, 'Guimaras', 2, 'Jordan', 122.58777618408203000000, 10.59597587585449200000),
(39, 'Ifugao', 2, 'Lagawe', 121.19394683837890000000, 16.80825424194336000000),
(40, 'Ilocos Norte', 2, 'Laoag', 120.59178161621094000000, 18.19488525390625000000),
(41, 'Ilocos Sur', 2, 'Vigan', 120.38732910156250000000, 17.57048988342285000000),
(42, 'Iloilo', 2, 'Iloilo City', 122.56210327148438000000, 10.72014999389648400000),
(43, 'Isabela', 2, 'Ilagan', 121.87345123291016000000, 17.13811874389648400000),
(44, 'Kalinga', 2, 'Tabuk', 121.43844604492188000000, 17.41173553466797000000),
(45, 'La Union', 2, 'San Fernando', 120.32102966308594000000, 16.61591339111328000000),
(46, 'Laguna', 2, 'Santa Cruz', 121.41133117675781000000, 14.26910972595214800000),
(47, 'Lanao del Norte', 2, 'Tubod', 123.87461853027344000000, 7.99426698684692400000),
(48, 'Lanao del Sur', 2, 'Marawi', 124.29771423339844000000, 8.01062107086181600000),
(49, 'Leyte', 2, 'Tacloban', 125.00861358642578000000, 11.24645042419433600000),
(50, 'Maguindanao', 2, 'Buluan', 124.80169677734375000000, 6.74326658248901400000),
(51, 'Marinduque', 2, 'Boac', 121.81732177734375000000, 13.43779754638671900000),
(52, 'Masbate', 2, 'Masbate City', 123.55040740966797000000, 12.35743427276611300000),
(53, 'Misamis Occidental', 2, 'Oroquieta', 123.80065155029297000000, 8.45952701568603500000),
(54, 'Misamis Oriental', 2, 'Cagayan de Oro', 124.63189697265625000000, 8.45423603057861300000),
(55, 'Mountain Province', 2, 'Bontoc', 121.01057434082031000000, 17.09125518798828000000),
(56, 'Negros Occidental', 2, 'Bacolod', 122.95629882812500000000, 10.68400573730468800000),
(57, 'Negros Oriental', 2, 'Dumaguete', 123.30884552001953000000, 9.31107902526855500000),
(58, 'Northern Samar', 2, 'Catarman', 124.64140319824219000000, 12.41984462738037100000),
(59, 'Nueva Ecija', 2, 'Palayan', 121.11132812500000000000, 15.57828712463378900000),
(60, 'Nueva Vizcaya', 2, 'Bayombong', 121.15966796875000000000, 16.48790168762207000000),
(61, 'Occidental Mindoro', 2, 'Mamburao', 120.62049102783203000000, 13.26817798614502000000),
(62, 'Oriental Mindoro', 2, 'Calapan', 121.16457366943360000000, 13.37709331512451200000),
(63, 'Palawan', 2, 'Puerto Princesa', 118.74732971191406000000, 9.76384258270263700000),
(64, 'Pampanga', 2, 'San Fernando', 120.65670776367188000000, 15.05939388275146500000),
(65, 'Pangasinan', 2, 'Lingayen', 120.22628021240234000000, 16.03220558166504000000),
(66, 'Quezon', 2, 'Lucena', 121.62344360351562000000, 13.94139575958252000000),
(67, 'Quirino', 2, 'Cabarroguis', 121.51416015625000000000, 16.41990661621093800000),
(68, 'Rizal', 2, 'Antipolo', 121.12448120117188000000, 14.62548255920410200000),
(69, 'Romblon', 2, 'Romblon', 122.26912689208984000000, 12.57785511016845700000),
(70, 'Samar', 2, 'Catbalogan', 124.84033966064453000000, 11.82404327392578100000),
(71, 'Sarangani', 2, 'Alabel', 125.34662628173828000000, 6.18503236770629900000),
(72, 'Siquijor', 2, 'Siquijor', 123.51570129394531000000, 9.21326351165771500000),
(73, 'Sorsogon', 2, 'Sorsogon City', 124.01474761962890000000, 12.99270915985107400000),
(74, 'South Cotabato', 2, 'Koronadal', 124.83818817138672000000, 6.49602222442626950000),
(75, 'Southern Leyte', 2, 'Maasin', 124.84033966064453000000, 10.16535472869873000000),
(76, 'Sultan Kudarat', 2, 'Isulan', 124.59781646728516000000, 6.63226366043090800000),
(77, 'Sulu', 2, 'Jolo', 121.00896453857422000000, 6.04736471176147500000),
(78, 'Surigao del Norte', 2, 'Surigao City', 125.51377105712890000000, 9.75713157653808600000),
(79, 'Surigao del Sur', 2, 'Tandag', 126.15887451171875000000, 9.10117149353027300000),
(80, 'Tarlac', 2, 'Tarlac City', 120.59635162353516000000, 15.47547817230224600000),
(81, 'Tawi-Tawi', 2, 'Bongao', 119.81208038330078000000, 5.10417842864990200000),
(82, 'Zambales', 2, 'Iba', 119.97575378417969000000, 15.33297729492187500000),
(83, 'Zamboanga del Norte', 2, 'Dipolog', 123.33739471435547000000, 8.51427364349365200000),
(84, 'Zamboanga del Sur', 2, 'Pagadian', 123.43434143066406000000, 7.83970308303833000000),
(85, 'Zamboanga Sibugay', 2, 'Ipil', 122.58817291259766000000, 7.78583621978759800000),
(86, 'Metro Manila', 2, 'Manila', 120.98422241210938000000, 14.59951210021972700000),
(87, 'Aceh', 3, 'Banda Aceh', 95.32375335693360000000, 5.54829025268554700000),
(88, 'Bali', 3, 'Denpasar', 115.21263122558594000000, -8.67045783996582000000),
(89, 'Kepulauan Bangka Belitung', 3, 'Pangkal Pinang', 106.11692810058594000000, -2.13162660598754900000),
(90, 'Banten', 3, 'Serang', 106.15385437011719000000, -6.11693096160888700000),
(91, 'Bengkulu', 3, 'Bengkulu', 102.26076507568360000000, -3.79284501075744630000),
(92, 'Jawa Tengah', 3, 'Semarang', 110.43812561035156000000, -7.00514507293701200000),
(93, 'Kalimantan Tengah', 3, 'Palangka Raya', 113.91397857666016000000, -2.21610474586486800000),
(94, 'Sulawesi Tengah', 3, 'Palu', 119.87799835205078000000, -0.90029150247573850000),
(95, 'Jawa Timur', 3, 'Surabaya', 112.67557525634766000000, -7.26676702499389650000),
(96, 'Kalimantan Timur', 3, 'Samarinda', 117.14361572265625000000, -0.49482318758964540000),
(97, 'Nusa Tenggara Timur', 3, 'Kupang', 123.60703277587890000000, -10.17719936370849600000),
(98, 'Gorontalo', 3, 'Gorontalo', 123.05677032470703000000, 0.54354417324066160000),
(99, 'Daerah Khusus Ibukota Jakarta', 3, 'Jakarta', 106.84559631347656000000, -6.20876359939575200000),
(100, 'Jambi', 3, 'Jambi', 103.61312103271484000000, -1.61012291908264160000),
(101, 'Lampung', 3, 'Bandar Lampung', 105.26679229736328000000, -5.39713954925537100000),
(102, 'Maluku', 3, 'Ambon', 128.16885375976562000000, -3.63866639137268070000),
(103, 'Kalimantan Utara', 3, 'Tanjung Selor', 117.36480712890625000000, 2.84476590156555180000),
(104, 'Maluku Utara', 3, 'Sofifi', 127.56144714355469000000, 0.73496508598327640000),
(105, 'Sulawesi Utara', 3, 'Manado', 124.84207916259766000000, 1.47483050823211670000),
(106, 'Sumatera Utara', 3, 'Medan', 98.67222595214844000000, 3.59519553184509280000),
(107, 'Papua', 3, 'Jayapura', 140.66900634765625000000, -2.59160256385803220000),
(108, 'Riau', 3, 'Pekanbaru', 101.44777679443360000000, 0.50706768035888670000),
(109, 'Kepulauan Riau', 3, 'Tanjung Pinang', 104.47335815429688000000, 0.91035121679306030000),
(110, 'Sulawesi Tenggara', 3, 'Kendari', 122.51297760009766000000, -3.99845981597900400000),
(111, 'Kalimantan Selatan', 3, 'Banjarbaru', 114.81031799316406000000, -3.45724225044250500000),
(112, 'Sulawesi Selatan', 3, 'Makassar', 119.43273162841797000000, -5.14766502380371100000),
(113, 'Sumatera Selatan', 3, 'Palembang', 104.77542877197266000000, -2.97607350349426270000),
(114, 'Jawa Barat', 3, 'Bandung', 107.61912536621094000000, -6.91746377944946300000),
(115, 'Kalimantan Barat', 3, 'Pontianak', 109.34250640869140000000, -0.02633029967546463000),
(116, 'Nusa Tenggara Barat', 3, 'Mataram', 116.10048675537110000000, -8.57699489593505900000),
(117, 'Papua Barat', 3, 'Manokwari', 134.06204223632812000000, -0.86145311594009400000),
(118, 'Sulawesi Barat', 3, 'Mamuju', 119.32503509521484000000, -2.49200558662414550000),
(119, 'Sumatera Barat', 3, 'Padang', 100.41718292236328000000, -0.94708317518234250000),
(120, 'Daerah Istimewa Yogyakarta', 3, 'Yogyakarta', 110.36949157714844000000, -7.79557991027832000000),
(121, 'Banteay Meanchey', 4, 'Serei Saophoan', 102.97377014160156000000, 13.58362388610839800000),
(122, 'Battambang', 4, 'Battambang', 103.20220184326172000000, 13.09572982788086000000),
(123, 'Kampong Cham', 4, 'Kampong Cham', 105.46453857421875000000, 11.99242973327636700000),
(124, 'Kampong Chhnang', 4, 'Kampong Chhnang', 104.67627716064453000000, 12.26139259338378900000),
(125, 'Kampong Speu', 4, 'Chbar Mon', 104.50727081298828000000, 11.46504592895507800000),
(126, 'Kampong Thom', 4, 'Steung Saen', 104.86881256103516000000, 12.63575077056884800000),
(127, 'Kampot', 4, 'Kampot', 104.16403198242188000000, 10.59424209594726600000),
(128, 'Kandal', 4, 'Ta Khmau', 104.94472503662110000000, 11.45923805236816400000),
(129, 'Koh Kong', 4, 'Khemarak Phoumin', 102.98368835449219000000, 11.61537933349609400000),
(130, 'Kratié', 4, 'Kratié', 106.02874755859375000000, 12.48968791961670000000),
(131, 'Mondulkiri', 4, 'Senmonorom', 107.14845275878906000000, 12.47472095489502000000),
(132, 'Phnom Penh', 4, 'Doun Penh', 104.92428588867188000000, 11.56807899475097700000),
(133, 'Preah Vihear', 4, 'Tbaeng Meanchey', 105.05574035644531000000, 13.83737850189209000000),
(134, 'Prey Veng', 4, 'Prey Veng', 105.32809448242188000000, 11.48511409759521500000),
(135, 'Pursat', 4, 'Pursat', 103.89119720458984000000, 12.46518230438232400000),
(136, 'Ratanakiri', 4, 'Banlung', 106.98626708984375000000, 13.73752593994140600000),
(137, 'Siem Reap', 4, 'Siem Reap', 103.85639953613281000000, 13.36325359344482400000),
(138, 'Preah Sihanouk', 4, 'Sihanoukville', 103.51155090332031000000, 10.62678623199462900000),
(139, 'Stung Treng', 4, 'Stung Treng', 105.96768951416016000000, 13.50691032409668000000),
(140, 'Svay Rieng', 4, 'Svay Rieng', 105.80094909667969000000, 11.08778667449951200000),
(141, 'Takéo', 4, 'Doun Kaev', 104.78710174560547000000, 10.98770523071289000000),
(142, 'Oddar Meanchey', 4, 'Samraong', 103.57019805908203000000, 14.24191665649414000000),
(143, 'Kep', 4, 'Kep', 104.31914520263672000000, 10.54324626922607400000),
(144, 'Pailin', 4, 'Pailin', 102.60895538330078000000, 12.85517024993896500000),
(145, 'Tboung Khmum', 4, 'Suong', 105.65209197998047000000, 11.91128253936767600000),
(146, 'Attapeu', 5, 'Samakkhixay', 106.82078552246094000000, 14.81936931610107400000),
(147, 'Bokeo', 5, 'Houayxay', 100.43403625488281000000, 20.26281738281250000000),
(148, 'Bolikhamxai', 5, 'Pakxan', 103.66521453857422000000, 18.39831352233886700000),
(149, 'Champasak', 5, 'Pakse', 105.81590270996094000000, 15.11718273162841800000),
(150, 'Houaphanh', 5, 'Xam Neua', 104.04786682128906000000, 20.41708374023437500000),
(151, 'Khammouane', 5, 'Thakhek', 104.83378601074219000000, 17.40302085876465000000),
(152, 'Luang Namtha', 5, 'Namtha', 101.41120147705078000000, 20.97091293334961000000),
(153, 'Luang Prabang', 5, 'Luang Prabang', 102.13871765136719000000, 19.88328552246093800000),
(154, 'Oudomxay', 5, 'Xay', 101.98616790771484000000, 20.69069671630859400000),
(155, 'Phongsaly', 5, 'Phongsaly', 102.10897064208984000000, 21.68189430236816400000),
(156, 'Salavan', 5, 'Salavan', 106.41408538818360000000, 15.71656608581543000000),
(157, 'Savannakhet', 5, 'Khanthaboury', 104.76868438720703000000, 16.57205200195312500000),
(158, 'Vientiane', 5, 'Phonhong', 102.41799926757812000000, 18.50542259216308600000),
(159, 'Prefektur Vientiane', 5, 'Vientiane', 102.63310241699219000000, 17.97570610046386700000),
(160, 'Sainyabuli', 5, 'Xayabury', 101.48349761962890000000, 19.19458007812500000000),
(161, 'Sekong', 5, 'La Mam', 106.71756744384766000000, 15.34438514709472700000),
(162, 'Xaisomboun', 5, 'Anouvong', 102.49549865722656000000, 19.85626983642578000000),
(163, 'Xiangkhouang', 5, 'Pek', 103.18556976318360000000, 19.45208358764648400000),
(164, 'Johor', 6, 'Johor Bahru', 103.74135589599610000000, 1.49265897274017330000),
(165, 'Kedah', 6, 'Alor Setar', 100.36717224121094000000, 6.12630748748779300000),
(166, 'Kelantan', 6, 'Kota Bharu', 102.25437927246094000000, 6.12478494644165000000),
(167, 'Malacca', 6, 'Malacca City', 102.25008392333984000000, 2.18959403038024900000),
(168, 'Negeri Sembilan', 6, 'Seremban', 101.93782043457031000000, 2.72588896751403800000),
(169, 'Pahang', 6, 'Kuantan', 103.33171844482422000000, 3.81682872772216800000),
(170, 'Penang', 6, 'George Town', 100.32875061035156000000, 5.41413068771362300000),
(171, 'Perak', 6, 'Ipoh', 101.09010314941406000000, 4.59747886657714800000),
(172, 'Perlis', 6, 'Kangar', 100.19837188720703000000, 6.44063282012939450000),
(173, 'Sabah', 6, 'Kota Kinabalu', 116.07345581054688000000, 5.98040819168090800000),
(174, 'Sarawak', 6, 'Kuching', 110.35929107666016000000, 1.55350399017333980000),
(175, 'Selangor', 6, 'Shah Alam', 101.51846313476562000000, 3.07328104972839360000),
(176, 'Terengganu', 6, 'Kuala Terengganu', 103.13701629638672000000, 5.32962417602539100000),
(177, 'Kuala Lumpur', 6, 'Kuala Lumpur', 101.71307373046875000000, 3.20807909965515140000),
(178, 'Labuan', 6, 'Victoria', 115.24787139892578000000, 5.28125238418579100000),
(179, 'Putrajaya', 6, 'Putrajaya', 101.69644165039062000000, 2.92636108398437500000),
(180, 'Ayeyarwady', 7, 'Pathein', 94.73809814453125000000, 16.77536010742187500000),
(181, 'Bago', 7, 'Bago', 96.46633148193360000000, 17.32207107543945300000),
(182, 'Chin', 7, 'Hakha', 93.58126831054688000000, 22.00869750976562500000),
(183, 'Kachin', 7, 'Myitkyina', 97.38407135009766000000, 25.39461517333984400000),
(184, 'Kayah', 7, 'Loikaw', 97.21135711669922000000, 19.67400741577148400000),
(185, 'Kayin', 7, 'Pa-an', 97.64395904541016000000, 16.87591361999511700000),
(186, 'Magway', 7, 'Magwe', 94.94548034667969000000, 20.15443038940429700000),
(187, 'Mandalay', 7, 'Mandalay', 96.08910369873047000000, 21.95882797241211000000),
(188, 'Mon State', 7, 'Mawlamyine', 97.64395904541016000000, 16.45431709289550800000),
(189, 'Naypyidaw', 7, 'Naypyidaw', 96.07851409912110000000, 19.76330566406250000000),
(190, 'Rakhine', 7, 'Sittwe', 92.86768341064453000000, 20.15276527404785000000),
(191, 'Sagaing', 7, 'Monywa', 95.15363311767578000000, 22.12155151367187500000),
(192, 'Shan', 7, 'Taunggyi', 97.03371429443360000000, 20.78875732421875000000),
(193, 'Tanintharyi', 7, 'Dawei', 98.19396209716797000000, 14.08276939392089800000),
(194, 'Yangon', 7, 'Yangon', 96.17352294921875000000, 16.84093856811523400000),
(195, 'Danu', 7, 'Pindaya', 96.66648864746094000000, 20.93684768676757800000),
(196, 'Kokang', 7, 'Laukkai', 95.95597076416016000000, 21.91622161865234400000),
(197, 'Naga', 7, 'Lahe', 95.44240570068360000000, 26.32373428344726600000),
(198, 'Pa Laung', 7, 'Namhsan', 97.16017150878906000000, 22.96766662597656200000),
(199, 'PaO', 7, 'Hopang', 98.75225067138672000000, 23.42674064636230500000),
(200, 'Wa', 7, 'Hopang', 98.75225067138672000000, 23.42674064636230500000),
(201, 'Central Singapore', 8, 'Singapura', 103.73081207275390000000, 1.35551893711090090000),
(202, 'North East', 8, 'Singapura', 103.81983947753906000000, 1.35208296775817870000),
(203, 'North West', 8, 'Singapura', 103.81983947753906000000, 1.35208296775817870000),
(204, 'South East', 8, 'Singapura', 103.81983947753906000000, 1.35208296775817870000),
(205, 'South West', 8, 'Singapura', 103.81983947753906000000, 1.35208296775817870000),
(206, 'Bangkok', 9, 'Bangkok', 100.99253845214844000000, 15.87003231048584000000),
(207, 'Amnat Charoen', 9, 'Amnat Charoen', 104.67627716064453000000, 15.70862388610839800000),
(208, 'Ang Thong', 9, 'Ang Thong', 100.45505523681640000000, 14.58960533142089800000),
(209, 'Bueng Kan', 9, 'Bueng Kan', 103.68837738037110000000, 18.32694435119629000000),
(210, 'Buriram', 9, 'Buriram', 103.11159515380860000000, 14.99510002136230500000),
(211, 'Chachoengsao', 9, 'Chachoengsao', 101.07795715332031000000, 13.69041919708252000000),
(212, 'Chai Nat', 9, 'Chai Nat', 100.10871887207031000000, 15.16141891479492200000),
(213, 'Chaiyaphum', 9, 'Chaiyaphum', 102.03150177001953000000, 15.80681705474853500000),
(214, 'Chanthaburi', 9, 'Chanthaburi', 102.10378265380860000000, 12.61124897003173800000),
(215, 'Chiang Mai', 9, 'Chiang Mai', 98.98529815673828000000, 18.78834342956543000000),
(216, 'Chiang Rai', 9, 'Chiang Rai', 99.84057617187500000000, 19.91048049926757800000),
(217, 'Chonburi', 9, 'Chonburi', 100.98467254638672000000, 13.36114311218261700000),
(218, 'Chumphon', 9, 'Chumphon', 99.18002319335938000000, 10.49304962158203100000),
(219, 'Kalasin', 9, 'Kalasin', 103.50609588623047000000, 16.43850708007812500000),
(220, 'Kamphaeng Phet', 9, 'Kamphaeng Phet', 99.52487182617188000000, 16.48100090026855500000),
(221, 'Kanchanaburi', 9, 'Kanchanaburi', 99.41794586181640000000, 14.10113906860351600000),
(222, 'Khon Kaen', 9, 'Khon Kaen', 102.82362365722656000000, 16.43219375610351600000),
(223, 'Krabi', 9, 'Krabi', 98.90628051757812000000, 8.08629989624023400000),
(224, 'Lampang', 9, 'Lampang', 99.51278686523438000000, 18.28553962707519500000),
(225, 'Lamphun', 9, 'Lamphun', 99.00872039794922000000, 18.57446098327636700000),
(226, 'Loei', 9, 'Loei', 101.72229766845703000000, 17.48602294921875000000),
(227, 'Lopburi', 9, 'Lopburi', 100.65337371826172000000, 14.79950809478759800000),
(228, 'Mae Hong Son', 9, 'Mae Hong Son', 97.96543884277344000000, 19.30202865600586000000),
(229, 'Maha Sarakham', 9, 'Maha Sarakham', 103.16151428222656000000, 16.01320075988769500000),
(230, 'Mukdahan', 9, 'Mukdahan', 104.70241546630860000000, 16.54359054565429700000),
(231, 'Nakhon Nayok', 9, 'Nakhon Nayok', 101.22687530517578000000, 14.20383834838867200000),
(232, 'Nakhon Pathom', 9, 'Nakhon Pathom', 100.03729248046875000000, 13.81402969360351600000),
(233, 'Nakhon Phanom', 9, 'Nakhon Phanom', 104.39083099365234000000, 17.69019126892090000000),
(234, 'Nakhon Ratchasima', 9, 'Nakhon Ratchasima', 102.08364868164062000000, 14.97384929656982400000),
(235, 'Nakhon Sawan', 9, 'Nakhon Sawan', 100.11995697021484000000, 15.69873809814453100000),
(236, 'Nakhon Si Thammarat', 9, 'Nakhon Si Thammarat', 99.95989990234375000000, 8.43248271942138700000),
(237, 'Nan', 9, 'Nan', 100.99253845214844000000, 15.87003231048584000000),
(238, 'Narathiwat', 9, 'Narathiwat', 101.82531738281250000000, 6.42546081542968750000),
(239, 'Nong Bua Lamphu', 9, 'Nong Bua Lam Phu', 102.44952392578125000000, 17.17395401000976600000),
(240, 'Nong Khai', 9, 'Nong Khai', 102.74126434326172000000, 17.87828063964843800000),
(241, 'Nonthaburi', 9, 'Nonthaburi', 100.50546264648438000000, 13.83636856079101600000),
(242, 'Pathum Thani', 9, 'Pathum Thani', 100.56361389160156000000, 14.00597286224365200000),
(243, 'Pattani', 9, 'Pattani', 101.25045776367188000000, 6.86951589584350600000),
(244, 'Phang Nga', 9, 'Phang Nga', 98.52552795410156000000, 8.45014095306396500000),
(245, 'Phatthalung', 9, 'Phatthalung', 100.07402038574219000000, 7.61668252944946300000),
(246, 'Phayao', 9, 'Phayao', 100.20236968994140000000, 19.21543693542480500000),
(247, 'Phetchabun', 9, 'Phetchabun', 101.11927795410156000000, 16.30166816711425800000),
(248, 'Phetchaburi', 9, 'Phetchaburi', 99.94371795654297000000, 13.11115837097168000000),
(249, 'Phichit', 9, 'Phichit', 100.33470153808594000000, 16.27408790588379000000),
(250, 'Phitsanulok', 9, 'Phitsanulok', 100.26585388183594000000, 16.82112312316894500000),
(251, 'Phra Nakhon Si Ayutthaya', 9, 'Phra Nakhon Si Ayutthaya', 100.58766174316406000000, 14.36923217773437500000),
(252, 'Phrae', 9, 'Phrae', 100.14028167724610000000, 18.14457702636718800000),
(253, 'Phuket', 9, 'Phuket', 98.39225006103516000000, 7.88044786453247100000),
(254, 'Prachinburi', 9, 'Prachinburi', 101.66008758544922000000, 14.04206943511962900000),
(255, 'Prachuap Khiri Khan', 9, 'Prachuap Khiri Khan', 99.79575347900390000000, 11.79383850097656200000),
(256, 'Ranong', 9, 'Ranong', 98.64081573486328000000, 9.96584033966064500000),
(257, 'Ratchaburi', 9, 'Ratchaburi', 99.81342315673828000000, 13.52828884124755900000),
(258, 'Rayong', 9, 'Rayong', 101.28162384033203000000, 12.68139553070068400000),
(259, 'Roi Et', 9, 'Roi Et', 103.65200042724610000000, 16.05381965637207000000),
(260, 'Sa Kaeo', 9, 'Sa Kaeo', 102.06604003906250000000, 13.82218456268310500000),
(261, 'Sakon Nakhon', 9, 'Sakon Nakhon', 104.14860534667969000000, 17.16642189025879000000),
(262, 'Samut Prakan', 9, 'Samut Prakan', 100.60723876953125000000, 13.59540653228759800000),
(263, 'Samut Sakhon', 9, 'Samut Sakhon', 100.27407836914062000000, 13.54977512359619100000),
(264, 'Samut Songkhram', 9, 'Samut Songkhram', 100.00226593017578000000, 13.40982151031494100000),
(265, 'Saraburi', 9, 'Saraburi', 100.91302490234375000000, 14.52704238891601600000),
(266, 'Satun', 9, 'Satun', 100.07233428955078000000, 6.61205196380615200000),
(267, 'Sing Buri', 9, 'Sing Buri', 100.32286071777344000000, 14.88400840759277300000),
(268, 'Sisaket', 9, 'Sisaket', 104.32200622558594000000, 15.11860084533691400000),
(269, 'Songkhla', 9, 'Songkhla', 100.59538269042969000000, 7.18976593017578100000),
(270, 'Sukhothai', 9, 'Sukhothai (Sukhothai Thani)', 99.82644653320312000000, 17.00764274597168000000),
(271, 'Suphan Buri', 9, 'Suphan Buri', 100.11771392822266000000, 14.47448921203613300000),
(272, 'Surat Thani', 9, 'Surat Thani', 99.33341979980469000000, 9.13419532775878900000),
(273, 'Surin', 9, 'Surin', 103.49371337890625000000, 14.88290500640869100000),
(274, 'Tak', 9, 'Tak', 100.99253845214844000000, 15.87003231048584000000),
(275, 'Trang', 9, 'Trang', 100.99253845214844000000, 15.87003231048584000000),
(276, 'Trat', 9, 'Trat', 102.51747131347656000000, 12.24275588989257800000),
(277, 'Ubon Ratchathani', 9, 'Ubon Ratchathani', 104.84729766845703000000, 15.24484539031982400000),
(278, 'Udon Thani', 9, 'Udon Thani', 102.81589508056640000000, 17.36469650268554700000),
(279, 'Uthai Thani', 9, 'Uthai Thani', 100.02455139160156000000, 15.38350009918212900000),
(280, 'Uttaradit', 9, 'Uttaradit', 100.09929656982422000000, 17.62008857727050800000),
(281, 'Yala', 9, 'Yala', 101.28041076660156000000, 6.54110193252563500000),
(282, 'Yasothon', 9, 'Yasothon', 104.14186859130860000000, 15.79542636871337900000),
(283, 'Bắc Giang', 10, 'Bắc Giang', 106.19747924804688000000, 21.28199195861816400000),
(284, 'Bắc Kạn', 10, 'Bắc Kạn', 105.83454132080078000000, 22.14426803588867200000),
(285, 'Cao Bằng', 10, 'Cao Bằng', 106.26398468017578000000, 22.66663742065429700000),
(286, 'Hà Giang', 10, 'Hà Giang', 104.97844696044922000000, 22.80255889892578000000),
(287, 'Lạng Sơn', 10, 'Lạng Sơn', 106.76152038574219000000, 21.85370826721191400000),
(288, 'Phú Thọ', 10, 'Việt Trì', 105.35263061523438000000, 21.35700988769531200000),
(289, 'Quảng Ninh', 10, 'Hạ Long', 107.04480743408203000000, 20.97119712829590000000),
(290, 'Thái Nguyên', 10, 'Thái Nguyên', 105.82520294189453000000, 21.56715583801269500000),
(291, 'Tuyên Quang', 10, 'Tuyên Quang', 105.21305084228516000000, 21.82580947875976600000),
(292, 'Lào Cai', 10, 'Lào Cai', 103.97549438476562000000, 22.48094367980957000000),
(293, 'Yên Bái', 10, 'Yên Bái', 104.89859008789062000000, 21.71676826477050800000),
(294, 'Điện Biên', 10, 'Điện Biên Phủ', 103.03215789794922000000, 21.40638923645019500000),
(295, 'Hòa Bình', 10, 'Hòa Bình', 105.33908081054688000000, 20.82751464843750000000),
(296, 'Lai Châu', 10, 'Lai Châu', 103.47026062011719000000, 22.38622283935547000000),
(297, 'Sơn La', 10, 'Sơn La', 103.91439056396484000000, 21.32690238952636700000),
(298, 'Bắc Ninh', 10, 'Bắc Ninh', 106.05322265625000000000, 21.16629981994629000000),
(299, 'Hà Nam', 10, 'Phủ Lý', 105.91762542724610000000, 20.53169250488281200000),
(300, 'Hải Dương', 10, 'Hải Dương', 106.31455230712890000000, 20.93734169006347700000),
(301, 'Hưng Yên', 10, 'Hưng Yên', 106.05784606933594000000, 20.65468215942382800000),
(302, 'Nam Định', 10, 'Nam Định', 106.16210174560547000000, 20.43882179260254000000),
(303, 'Ninh Bình', 10, 'Ninh Bình', 105.97445678710938000000, 20.25061416625976600000),
(304, 'Thái Bình', 10, 'Thái Bình', 106.33658599853516000000, 20.44634628295898400000),
(305, 'Vĩnh Phúc', 10, 'Vĩnh Yên', 105.61631774902344000000, 21.30728530883789000000),
(306, 'Hanoi', 10, 'Hoàn Kiếm', 105.85101318359375000000, 21.02796363830566400000),
(307, 'Haiphong', 10, 'Hồng Bàng', 106.65610504150390000000, 20.86400604248047000000),
(308, 'Hà Tĩnh', 10, 'Hà Tĩnh', 105.88774871826172000000, 18.35595321655273400000),
(309, 'Nghệ An', 10, 'Vinh', 105.68133544921875000000, 18.67958450317382800000),
(310, 'Quảng Bình', 10, 'Đồng Hới', 106.59839630126953000000, 17.46593856811523400000),
(311, 'Quảng Trị', 10, 'Đông Hà', 107.08937835693360000000, 16.80889320373535000000),
(312, 'Thanh Hóa', 10, 'Thanh Hóa', 105.78517913818360000000, 19.80669212341308600000),
(313, 'Thừa Thiên-Huế', 10, 'Huế', 107.59053039550781000000, 16.46739768981933600000),
(314, 'Đắk Lắk', 10, 'Buôn Ma Thuột', 108.05303192138672000000, 12.68045616149902300000),
(315, 'Đắk Nông', 10, 'Gia Nghĩa', 107.68299865722656000000, 12.00451946258545000000),
(316, 'Gia Lai', 10, 'Pleiku', 108.01508331298828000000, 13.97183513641357400000),
(317, 'Kon Tum', 10, 'Kon Tum', 108.00045776367188000000, 14.34974002838134800000),
(318, 'Lâm Đồng', 10, 'Đà Lạt', 108.45831298828125000000, 11.94041919708252000000),
(319, 'Bình Định', 10, 'Qui Nhơn', 109.21966552734375000000, 13.78296756744384800000),
(320, 'Bình Thuận', 10, 'Phan Thiết', 108.26147460937500000000, 10.98046016693115200000),
(321, 'Khánh Hòa', 10, 'Nha Trang', 109.18990325927734000000, 12.25291538238525400000),
(322, 'Ninh Thuận', 10, 'Phan Rang–Tháp Chàm', 108.99120330810547000000, 11.58256816864013700000),
(323, 'Phú Yên', 10, 'Tuy Hòa', 109.29505157470703000000, 13.10570621490478500000),
(324, 'Quảng Nam', 10, 'Tam Kỳ', 108.48217010498047000000, 15.56382942199707000000),
(325, 'Quảng Ngãi', 10, 'Quảng Ngãi', 108.80441284179688000000, 15.12138748168945300000),
(326, 'Da Nang', 10, 'Hải Châu', 108.21995544433594000000, 16.04719924926757800000),
(327, 'Bà Rịa–Vũng Tàu', 10, 'Bà Rịa', 107.18162536621094000000, 10.50892829895019500000),
(328, 'Bình Dương', 10, 'Thủ Dầu Một', 106.65570831298828000000, 10.99298381805420000000),
(329, 'Bình Phước', 10, 'Đồng Xoài', 106.89049530029297000000, 11.53440666198730500000),
(330, 'Đồng Nai', 10, 'Biên Hòa', 106.84268951416016000000, 10.95741271972656200000),
(331, 'Tây Ninh', 10, 'Tây Ninh', 106.10988616943360000000, 11.33515548706054700000),
(332, 'Ho Chi Nubg', 10, 'District 1', 106.70042419433594000000, 10.77565860748291000000),
(333, 'An Giang', 10, 'Long Xuyên', 105.41854095458984000000, 10.37594127655029300000),
(334, 'Bạc Liêu', 10, 'Bạc Liêu', 105.72156524658203000000, 9.29400253295898400000),
(335, 'Bến Tre', 10, 'Bến Tre', 106.37554931640625000000, 10.24335575103759800000),
(336, 'Cà Mau', 10, 'Cà Mau', 105.19608306884766000000, 9.15267276763916000000),
(337, 'Đồng Tháp', 10, 'Cao Lãnh', 105.63403320312500000000, 10.45497226715087900000),
(338, 'Hậu Giang', 10, 'Vị Thanh', 105.45370483398438000000, 9.77319240570068400000),
(339, 'Kiên Giang', 10, 'Rạch Giá', 105.09109497070312000000, 10.02150726318359400000),
(340, 'Long An', 10, 'Tân An', 106.40512847900390000000, 10.53834152221679700000),
(341, 'Sóc Trăng', 10, 'Sóc Trăng', 105.97390747070312000000, 9.60252094268798800000),
(342, 'Tiền Giang', 10, 'Mỹ Tho', 106.34388732910156000000, 10.37652873992920000000),
(343, 'Trà Vinh', 10, 'Trà Vinh', 106.33460235595703000000, 9.95133113861084000000),
(344, 'Vĩnh Long', 10, 'Vĩnh Long', 105.95719146728516000000, 10.23957443237304700000),
(345, 'Cần Thơ city', 10, 'Ninh Kiều', 105.74685668945312000000, 10.04516220092773400000);

-- --------------------------------------------------------

--
-- Table structure for table `booking`
--

CREATE TABLE `booking` (
  `bookingId` int(3) NOT NULL,
  `bookingProfile` int(3) DEFAULT NULL,
  `bookingDestination` int(3) DEFAULT NULL,
  `bookingDate` varchar(15) DEFAULT NULL,
  `bookingVisit` varchar(15) DEFAULT NULL,
  `bookingPeople` int(2) DEFAULT NULL,
  `bookingPayment` int(10) DEFAULT NULL
) ENGINE=InnoDB DEFAULT CHARSET=utf8mb4;

--
-- Dumping data for table `booking`
--

INSERT INTO `booking` (`bookingId`, `bookingProfile`, `bookingDestination`, `bookingDate`, `bookingVisit`, `bookingPeople`, `bookingPayment`) VALUES
(2, 2, 82, '2022-06-30', '2022-07-04', 1, 800000);

-- --------------------------------------------------------

--
-- Table structure for table `bookingdetail`
--

CREATE TABLE `bookingdetail` (
  `bookingDetailId` int(3) DEFAULT NULL,
  `bookingDetailName` varchar(63) DEFAULT NULL,
  `bookingDetailPassport` varchar(10) DEFAULT NULL,
  `bookingDetailGender` varchar(3) DEFAULT NULL,
  `bookingDetailAge` int(3) DEFAULT NULL,
  `bookingDetailSpecial` varchar(63) DEFAULT NULL
) ENGINE=InnoDB DEFAULT CHARSET=utf8mb4;

--
-- Dumping data for table `bookingdetail`
--

INSERT INTO `bookingdetail` (`bookingDetailId`, `bookingDetailName`, `bookingDetailPassport`, `bookingDetailGender`, `bookingDetailAge`, `bookingDetailSpecial`) VALUES
(2, 'felicia', 'B123456', '2', 22, '');

-- --------------------------------------------------------

--
-- Table structure for table `country`
--

CREATE TABLE `country` (
  `countryId` int(11) NOT NULL,
  `countryName` varchar(15) NOT NULL,
  `countryCapitalId` int(3) NOT NULL
) ENGINE=InnoDB DEFAULT CHARSET=utf8mb4;

--
-- Dumping data for table `country`
--

INSERT INTO `country` (`countryId`, `countryName`, `countryCapitalId`) VALUES
(1, 'Brunei', 1),
(2, 'Filipina', 86),
(3, 'Indonesia', 99),
(4, 'Kamboja', 132),
(5, 'Laos', 159),
(6, 'Malaysia', 177),
(7, 'Myanmar', 189),
(8, 'Singapura', 201),
(9, 'Thailand', 206),
(10, 'Vietnam', 306);

-- --------------------------------------------------------

--
-- Table structure for table `destination`
--

CREATE TABLE `destination` (
  `destinationId` int(3) NOT NULL,
  `destinationName` varchar(31) DEFAULT NULL,
  `destinationCountry` varchar(15) DEFAULT NULL,
  `destinationLocation` varchar(127) DEFAULT NULL,
  `destinationType` varchar(31) DEFAULT NULL,
  `destinationHeritagePark` varchar(1) DEFAULT NULL,
  `destinationPrice` int(10) DEFAULT NULL,
  `destinationOtherName` varchar(127) DEFAULT NULL,
  `destinationDescription` varchar(1023) DEFAULT NULL,
  `destinationLat` float(25,20) DEFAULT NULL,
  `destinationLong` float(25,20) DEFAULT NULL
) ENGINE=InnoDB DEFAULT CHARSET=utf8mb4;

--
-- Dumping data for table `destination`
--

INSERT INTO `destination` (`destinationId`, `destinationName`, `destinationCountry`, `destinationLocation`, `destinationType`, `destinationHeritagePark`, `destinationPrice`, `destinationOtherName`, `destinationDescription`, `destinationLat`, `destinationLong`) VALUES
(1, 'Bromo Tengger Semeru', '3', '95', 'Taman Nasional', '0', 350000, 'Gunung Bromo', 'Sebagai daerah vulkanik terbesar di provinsi Jawa Timur, Taman Nasional Bromo Tengger Semeru memiliki wilayah seluas 800 km persegi. Di sini, Anda dapat menyaksikan asap dan abu dari Gunung Semeru, sebuah gunung berapi yang masih aktif dengan ketinggian 3.676 meter di atas permukaan laut. Taman Nasional Bromo Tengger Semeru merupakan satu-satunya kawasan konservasi di Indonesia yang memiliki lautan pasir seluas 10 km yang disebut Tengger yang menjadi tempat sempurna bagi Anda untuk berjalan kaki atau menunggangi kuda sambil berkeliling di lautan pasir Tengger. ', -8.02187442779541000000, 112.95243835449219000000),
(2, 'Gunung Rinjani', '3', '116', 'Taman Nasional', '0', 450000, 'Gunung Rinjani', 'Taman Nasional Gunung Rinjani atau biasa dikenal sebagai Gunung Rinjani merupakan gunung tertinggi ketiga di Indonesia dengan ketinggian 3.726 meter di atas permukaan laut. Taman Nasional Gunung Rinjani terletak di Lombok, Nusa Tenggara Barat dengan luas wilayah sekitar 41.330 hektar. Sebagai gunung tertinggi ketiga di Indonesia, Gunung Rinjani menjadi salah satu destinasi favorit bagi pendaki gunung karena vegetasi yang eksotis dan pemandangan yang memukau. Salah satu daya tarik vegetasi utama untuk dilihat para pendaki adalah bunga edelweiss atau bunga abadi yang dapat ditemukan di puncak Gunung Rinjani. Selain pemandangan puncak, para pendaki juga dapat melihat pemandangan kaldera Danau Segara Anak, danau berbentuk bulan sabit dengan gunung kecil ditengah yang disebut Gunung Baru Jari. Bagi para pendaki pemula dapat memulai jalur pendakian di Sabana Sembalun Lawang. Pendaki dapat menikmati pemandangan khas sabana sembari mendaki menuju Bukit Pergasingan untuk melihat pemandangan sawah dan Desa Sembalun.', -8.41129493713378900000, 116.45735168457031000000),
(3, 'Ujung Kulon', '3', '90', 'Taman Nasional', '0', 600000, 'Taman Nasional Ujung Kulon (TNUK)', 'Taman Nasional Ujung Kulon terletak dibagian paling barat pulau Jawa, Indonesia. Kawasan taman nasional ini pada mulanya meliputi wilayah Krakatau dan beberapa pulau kecil sekitarnya seperti pulau Handeleum, pulau Peucang dan pulau Panaitan. Taman Nasional Ujung Kulon ini memiliki luas wilayah sekitar122.956 hektar yang dimulai dari Semenanjung Ujung Kulon sampai dengan Samudera Hindia.  Ujung Kulon merupakan taman nasional tertua di Indonesia yang sudah diresmikan sebagai salah satu warisan yang telah diresmikan oleh UNESCO pada tahun 1991.', -6.78469419479370100000, 105.37510681152344000000),
(4, 'Karimunjawa', '3', '92', 'Taman Nasional ', '0', 450000, 'Caribbean Van Java', 'Taman Nasional Karimunjawa merupakan tempat konservasi ekosistem di kepulauan Karimunjawa, taman nasional ini terletak diutara pulau Jawa. Total luas wilayah taman nasional Karimunjawa mencapai 111.625 hektar yang terbagi menjadi 9 zona. Sebagai taman nasional, taman nasional Karimunjawa ini menyimpan keanekaragaman hayati yang dilindungi dari sisi flora ada 3 tumbuhan yang dilindungi dan untuk fauna terdapat beberapa hewan yang dilindungi baik yang hidup didarat maupun di air. Selain flora dan fauna berupa tumbuhan dan hewan di taman nasional Karimunjawa juga terdapat fauna air seperti terumbu karang,spons, karang lunak penyu hijau  hingga ikan hias. Fokus utama dari kawasan taman nasional Karimunjawa adalah keindahan suasana alam pantai yang tersebar di beberapa pulau, selain itu juga disediakan fasilitas pengunjung menyelam untuk menikmati keindahan alam bawah laut.', -5.83355903625488300000, 110.45060729980469000000),
(5, 'Karang Bolong', '3', '92', 'Cagar Alam', '0', 250000, 'Cagar Alam Nusakambangan Timur', 'Kawasan CA Nusakambangan Timur ditunjuk sebagai cagar alam berdasarkan Besluit Gubernur Jenderal Hindia Belanda No. 26 Staatblad Nomor 382 tanggal 24 Juli 1923 bersama dengan Karangbolong dan Wijayakusuma serta Nusakambangan Utara. Cagar Alam Karang Bolong ini memiliki topografi yang berbukit-bukit dengan ketinggian tempat dari 0 - 175 meter diatas permukaan laut.Kelerengan CA Nusakambangan Timur bervariasi dari datar hingga sangat curam. Sebagian besar kawasan CA Nusakambangan Timur mempunyai kelerengan  curam (25 – 45 %) dengan luas 80,17 Ha dan agak curam (15 – 25 %) dengan luas 69,3 Ha. Hanya sedikit kawasan yang mempunyai kelerengan datar (0 – 8 %), lokasinya pada umumnya pada daerah pantai, pada aliran sungai dan sebagian Utara CA Nusakambangan Timur. Terdapat beberapa flora yang ada di cagar alam karang bolong ini dan juga kawasan ini sebagai habitat fauna yang dilindungi dan terancam punah baik dalam status perlindungan nasional maupun internasional', -7.75563049316406250000, 109.45937347412110000000),
(6, 'Situ Gunung', '3', '114', 'Taman Alam', '0', 250000, 'Situ Gunung Natural Park', 'Situ Gunung merupakan salah satu wisata alam yang berada di Sukabumi, Jawa Tengah. Situ Gunung memiliki beragam objek wisata didalamnya, yaitu jembatan gantung, tempat camping, air terjun, dan sebagai tempat wisata serta rekreasi. Selain memililki berbagai objek wisata, Situ Gunung juga menyediakan berbadai fasilitas dan layanan, seperti Wifi gratis, cafetaria yang terdiri dari berbagai jenis makanan, toilet, dan mushola badi pengunjung yang hendak beribadah. Selain itu, juga terdapat fasilitas api unggun bagi pengunjung yang bermalam ataupun berkemah.', -6.83194446563720700000, 106.92305755615234000000),
(7, 'Raja Ampat', '3', '117', 'Taman Laut', '0', 900000, 'Kepulauan Raja Ampat', 'Kepulauan Raja Ampat merupakan rangkaian empat gugusan pulau yang berdekatan dan berlokasi di barat bagian vogelkoop pulau Papua. Secara administrasi, gugusan ini berada dibawah kabupaten Raja Ampat. Kepulauan ini menjadi tujuan utama penyelam yang tertarik akan keindahan pemandangan bawah laut. Kepulauan Raja Ampat merupakan tempat yang memiliki potensi tinggi untuk dijadikan objek wisata khususnya wisata penyelaman.Perairan Kepulauan Raja Ampat menurut berbagai sumber, merupakan salah satu dari 10 perairan terbaik untuk diving site di seluruh dunia. Bahkan, mungkin juga diakui sebagai nomor satu untuk kelengkapan flora dan fauna bawah air pada saat ini. Selain menyelam, wisata Raja Ampat ini wisatawan juga dapat menikmati sejumlah objek wisata pantai pasir putih, gugusan pulau karst, dan flora fauna endemik.', -1.03204679489135740000, 130.50521850585938000000),
(8, 'Bunaken', '3', '105', 'Taman Laut', '0', 700000, 'Pulau Bunaken', 'Taman Laut Bunaken merupakan kawasan pelestarian ekosistem tropis perairan yang berada di pusat segitiga terumbu karang dunia. Lokasi kawasan Taman Nasional Bunaken berada di Provinsi Sulawesi Utara dengan Kota Manado sebagai kota terdekat. Taman Nasional Bunaken didirikan pada tahun 1991 dan memiliki luas kawasan mencapai 89.065 hektare. Dari luas tersebut, sebanyak 97 persen di antaranya merupakan habitat laut, sedangkan 3 persen sisanya daratan. Taman Nasional Bunaken berada di pusat Segitiga Terumbu Karang atau Coral Triangle yang membentang di perairan Indonesia, Malaysia, hingga Timor Leste. Dengan demikian, Taman Nasional Bunaken memiliki ekosistem terumbu karang yang sangat kaya. Berdasarkan data yang ada, terdapat 390 spesies terumbu karang di kawasan taman nasional ini. Luas terumbu karang di kawasan ini mencapai 11.709 hektare, dengan 68 ganera. Taman Nasional Bunaken juga memiliki beberapa jenis hutan bakau yang luasnya mencapai 2.434 hektare dengan 28 spesies.', 1.62351620197296140000, 124.76026916503906000000),
(9, 'Wehea', '3', '96', 'Hutan Lindung', '0', 450000, 'Hutan Lindung Wehea', 'Hutan Lindung Wehea seluas 38.000 hektar ini merupakan hasil perjuangan masyarakat adat Dayak Wehea dimana sebelumnya kawasan hutan merupakan wilayah perusahaan yang bergerak di bidang loging.Pada 6 November 2004, kawasan area perusahaan itu kemudian dikukuhkan melalui sumpah Adat Wehea manjadi Keldung Laas Wehea Long Sekung Metguen yang pada saat ini lebih dikenal dengan sebutan Hutan Lindung Wehea. Pengukuhan Hutan Lindung Wehea juga tidak terlepas dari lembaga swadaya masyarakat The Nature Conservancy (TNC), pada tahun 2003 mengadakan penelitian terkait dengan kekayaan Hutan Lindung Wehea. Dari penelitian TNC tersebut, di Wehea ada 12 hewan pengerat, 9 jenis primata, 19 jenis mamalia, 114 jenis burung, dan 59 jenis pohon bernilai.', 1.53151881694793700000, 116.74964141845703000000),
(10, 'Sungai Wain', '3', '96', 'Hutan Lindung', '0', 450000, 'Hutan Lindung Sei Wain', 'Hutan Lindung Sungai Wain biasa disingkat HLSW merupakan salah satu objek wisata alam yang berada dijalan Soekarno-Hatta kota Balikpapan Provinsi Kalimantan Timur. Hutan lindung Sungai Wain ini merupakan perpaduan objek wisata hutan dan sungai, yang dimana hutan ini terdiri dari hutan primer(asli) dan hutan sekunder (pengganti) untuk mengganti hutan yang terbakar pada tahun 1998.Ada beberapa pilihan yang dapat dinikmati oleh pengunjung di kawasan HLSW ini. Pengunjung dapat menikmati aliran sungai Wain yang panjangnya mencapai 18.300 meter, airnya sangat jernih, dan disamping kanan-kirinya terdapat hutan bakau. Di lokasi ini, pengunjung juga dapat menikmati treking pendek dengan melintasi jalur sepanjang 400 meter di atas titian kayu, yaitu jembatan panjang yang ada di dekat waduk air sungai wain. Pengunjung juga bisa menikmati treking sepanjang 3Km sambil melihat-lihat beberapa tumbuhan langka, seperti Kantung semar.', -1.14822173118591300000, 116.83507537841797000000),
(11, 'Kerinci Seblat', '3', '119', 'Taman Nasional', '1', 550000, 'Kerinci Seblat National Park', 'Taman Nasional Kerinci Seblat merupakan salah satu taman nasional terluas yang ada di sumatera. Ada banyak jenis satwa dan tumbuhan yang hidup di kawasan taman nasional ini. Selain itu, Taman Nasional Kerinci Seblat ini memiliki banyak gunung dan bukit, diantaranya gunung Kerinci, gunuing Seblat, dan gunung Tujuh.. Pada Taman Nasional Kerinci seblat juga terdiri dari beberapa ekosistem hutan, yaitu hutan hujan tropis, hutan pegunungan, dan hutan rawa. Dikarenakan luasnya kawasan taman nasional kerinci seblat ini membuat banyak objek wisata yang dapat dikunjungi, diantaranya pendakian gunung kerinci, pendakian gunung seblat, danau kerinci, danau gunung tujuh, cagar alam bukit Tapan dan penggunungan Indrapura, serta gua Sengering dan gua Tiangko.', -1.70422041416168210000, 101.26898956298828000000),
(12, 'Gunung Leuser', '3', '87', 'Taman Nasional', '1', 550000, 'Mount Leuser National Park', 'Taman nasional Gunung Leuser merupakan taman nasional yang terletak di Provinsi Aceh dan Sumatra Utara. Dimana terdapat banayak hewan dan tumbuhan langka.Taman nasional ini memiliki beberapa ekosistem alsi dimulai dari pantai hingga penggunungan tinggi yang diselimuti oleh hutan hujan tropis. Taman nasional ini memiliki 3 fungsi, yaitu sebagai tempat perlindungan sistem penyangga kehidupan, sebagai tempat penangkaran berbagai jenis tumubhan dan satwa, dan juga digunakan untuk melestarikan sumber daya alami hayati dan ekosistem. Selain itu, taman nasional gunung leuser juga merupakan laboratorium alam yang kaya dengan keanekaragaman hayati. Taman nasional ini merupakan habitat sebagian besar fauna, yaitu mamalia, burung, reptil, amphibia, ikan, dan invertebrata.', 3.79749989509582500000, 97.15499877929688000000),
(13, 'Lorentz', '3', '107', 'Taman Nasional', '1', 750000, 'Lorentz National Park', 'Taman Nasional Lorentz merupakan taman nasional yang didirikan pada tahun 1997 ini terletak di Papua. Taman ini ditetapkan sebagai taman nasional terbesar di Asia Tenggara oleh UNESCO dan juga di tetapkan sebagai situs warisan Dunia pada tahun 1999. Taman nasional ini memiliki luas area sebesar 2.505.600ha. Dimana didalamnya mencakup seluruh tipe ekosistem utama di Papua, yaitu perairan laut, pesisir, hutan pantai, hutan rawa air payau, hutan rawa air tawar, hutan dataran rendah, hutan pegunungan rendah, hutan pegunungan tinggi, sub alpin, alpin, dan pegunungan salju abadi. Selain itu, di taman nasional ini juga terdapat 1.200 tumbuhan berbunga, 123 spesies mamalia, 411 spesies burung, dan 150 spesies reptil dan amfibi, serta 45 spesies burung. ', -4.26992797851562500000, 138.08035278320312000000),
(14, 'Way Kambas', '3', '101', 'Taman Nasional', '1', 350000, 'Way Kambas National Park', 'Taman Nasional Way Kambas yang terletak di Lampung merupakan salah satu tempat konservasi gajah Sumatera. Dimana gajah Sumatera ini merupakan hewan asli dari pulau sumatera. Pada taman ini terdapat 300 gajah yang dilatih. Kawasan ini memiliki luas 125.000 hektar yang mencakup hutan air rawa dengan hamparan padang rumput, semak belukar, dan hutan pantai. Selain gajah, di dalam kawasan ini juga terdapat beruang madu, badak sumatera, harimau sumatera, rusa sambas, kijang, kucing emas, dan beberapa hewan lain yang terancam punah. ', -4.92757558822631800000, 105.77693176269531000000),
(15, 'Kepulauan Seribu', '3', '99', 'Taman Nasional', '1', 300000, 'Thousand Islands National Park', 'Kepulauan Seribu merupakan wilayah administrasi yang berasa di sebelah utara Kota Jakarta. Kepulauan seribu ini terletak sekitar 45 Km dari kota Jakarta. Kepulauan seribu ini terdiri dari beberapa pariwisata pulau, yaitu Pulau Bidadari, Pulau Ayer, Pulau Putri, Pulau Pantara, Pulau Sepa, Pulau Macan, Pulau Kotok, Pulau Royal, Pulau Pelangi, Pulau Bira, Pulau Genteng, dan Pulau lainnya. Dimana sebagian pulau-pulau ini di kelola secara pribadi, dan sebagiannya lagi dikelola oleh pemerintah. Banyak kegiatan yang dapat dilakukan di Pulau Seribu, yaitu wisata ilmu pengetahuan, wisata bawah laut, wisata budaya, dan wisata privat.', -5.73920154571533200000, 106.59967041015625000000),
(16, 'Wakatobi', '3', '110', 'Taman Nasional', '1', 650000, 'Wakatobi National Park', 'Taman Nasional Wakatobi merupakan salah satu surga bawah laut yang terletak di Sulawesi Tenggara. Dimana Wakatobi terdiri dari empat pulau utama, yaitu Wangiwangi, Kalidupa, Tomia, dan Binongko. Selain keempat pulau utama, terdapat beberapa pulau kecil lain yang berada di wilayah Wakatobi, yaitu Pulau Hoga, Kapota, Anano, dan Rundumana. Taman nasional Wakatobi memiliki luas area sebesar 1,39 juta hektar, yang didalamnya terdapat keanekaragaman hayati laut dan karang. Di taman nasional ini terdapat 750 spesies koral dari total 850 spesies koral yang ada di dunia.', -5.67046642303466800000, 123.79394531250000000000),
(17, 'Bantimurung-Bulusaraung', '3', '112', 'Taman Nasional', '1', 400000, 'Bantimurung–Bulusaraung National Park', 'Taman Nasional Bantimurung-Bulusaraung terletak di Kabupaten Maros dan Kabupaten Pangkajene Kepulauan, Sulawesi Selatan. Bantimurung-Bulusaraung memiliki luas 43.750 ha. Taman nasional terdiri dari cagar alam, taman wisata alam, hutan lindung, hutan produksi terbatas, dan hutan produksi tetap. Taman Nasional Bantimurung-Bulusaraung mendapatkan julukan sebagai The Kingdom of Butterfly serta The Spectacular Tower Karst. Taman nasional ini terdapat 240 jenis Papilionoidea (kupu-kupu ekor layang-layang). ', -4.85646200180053700000, 119.72522735595703000000),
(18, 'Bako', '6', '174', 'Taman Nasional', '0', 450000, 'Taman Nasional Bako', 'Taman Nasional Bako, yang didirikan pada 1957, adalah taman nasional tertua di Sarawak, timur Malaysia, di pulau Borneo. Tempat tersebut meliputi wilayah seluas 2.727 kilometer persegi di semenanjung Muara Tebas di mulut Sungai Bako dan Kuching. Tempat tersebut berjarak sekitar 40 kilometer melalui jalan dari Kuching. Fokus utama dari perjalan ke Bako ini adalah pengunjung dapat menikmati satwa liar Sarawak dan pemandangan yang menakjubkan.Mulai dari melihat budaya Kuching lebih dekat, orangutan semi liar di pusat Rehabilitasi Semenggoh, dan naik kayak melalui jurang hutan terjal. Sebelum akhirnya bermalam di hotspot satwa liar Taman Nasional Bako. Pengunjung dapat melihat satwa liar seperti monyet daun perak, monyet ekor panjang, babi hutan, dan bekantan. Selain itu ada banyak spesies burung misalnya sunda scoop owl, bangau billed kingfisher, white bellied woodpecker, mangrove blue flycatcher, hingga red crowned barbet.', 1.66611695289611820000, 110.42549896240234000000),
(19, 'Rawa Kuching', '6', '174', 'Taman Nasional ', '0', 200000, 'Taman Negara Tanah Lembap Kuching', 'Taman Negara Tanah Lembap Kuching adalah sebuah taman nasional di Malaysia. Taman ini merupakan bagian tersisa dari Hutan Simpang Bakau Sarawak yang terdahulu , yang meliputi seluas 170 km persegi. Taman ini terletak 30 km dari Kuching, Taman Negara Tanah Lembap ini dimuat di berita negara pada tahun 1992, dan meliputi kawasan seluas 66,1 km2 hingga muara laut Sibu dan Sungai Salak. Taman nasional ini melingkupi wilayah pantai, laut, dan ekosistem air tawar.', 1.55350399017333980000, 110.35929107666016000000),
(20, 'Semenggoh', '6', '174', 'Cagar Alam', '0', 300000, 'Semonggoh Nature Reserve', 'Selama lebih dari 20 tahun Cagar Alam Semenggih telah melatih orangutan muda yang telah diselamatkan dari penagngkaran dan mengajarkan bagaimana bertahan hidup di alam liar. Cagar alam ini berjarak sekitar 20 km dari Kota Kuching dan akan menjadikan perjalanan selama sehari menjadi meyenangkan. Daya tarik utama dari cagar alam ini adalah Pusat Margasatwa Semenggoh yang menerima binatang yang membutuhkan tempat tinggal atau binatang yang terluka dari alam liar untuk rehabilitasi. Ada juga bisa mengikuti tur cagar alam, dimana Anda dapat mempelajari lebih jauh tentang binatang dan bagaimana mereka selama di rehabilitasi dan kemudian dikembalikan ke alam liar.', 1.40168547630310060000, 110.31449890136719000000),
(21, 'Goa Angin', '6', '174', 'Cagar Alam', '0', 300000, 'Wind Caves', 'Goa angin atau wind cave merupakan salah satu gua terpanjang di dunia. Wind cave terdapat di national park, Serawak, Malaysia. Untuk tiba di mulut goa, pengunjung menggunakan longboat selama 20 menit, dan di lanjutkan dengan menaiki ratusan anak tangga.', 1.55327832698822020000, 110.35921478271484000000),
(22, 'Similajau', '6', '174', 'Taman Nasional', '0', 250000, 'Similajau National Park', 'Taman Nasional Similajau biasa disingkat Taman Nasional SMLJ merupakan sebuah taman nasional di Divisi Bintulu, Sarawak, Malaysia. Tempat tersebut berjarak sekitar 30 kilometer dari Bintulu.', 3.53678202629089360000, 113.31468200683594000000),
(23, 'Penang', '6', '170', 'Taman Nasional', '0', 800000, 'Penang National Park', 'Taman Negara Pulau Pinang yang terletak di Teluk Bahang merupakan salah satu tumpuan para pelancong di Pulau Pinang. Taman Negara Pulau Pinang terletak di sebelah pesisiran pantai Pulau Pinang. Sebelum ini ia dikenali sebagai Hutan Simpan Pantai Acheh, sebagai pelabuhan 417 flora dan 143 spesies fauna. Taman ini mempunyai keluasan sebanyak 1,266 hektar meliputi dipterokarpa, tanah tinggi, paya bakau, pantai dan juga pesisiran pantai berbatu. Banyak spesies flora dan fauna termasuk yang jarang ditemui dan juga yang hampir pupus terdapat di sini. Untuk sampai ke sini hanya mengambil masa 45 menit dari pusat bandar. Terdapat banyak tempat bagi memerhati dan mengambil gambar burung, penyu dan hidupan liar lain di dalam habitat semula jadi. Pengunjung berpeluang untuk mengalami pelbagai habitat yang meliputi pantai berpasir dan berbatu sehingga kepada dataran lumpur, paya bakau, kolam meromiktik dan hutan hujan tropika. Taman Negara Pulau Pinang turut memiliki sebuah rumah api yang dibina pada tahun 1883.', 5.41639328002929700000, 100.33267974853516000000),
(24, 'Endau-Rompin', '6', '164', 'Taman Nasional', '0', 400000, 'Taman Negara Endau-Rompin', 'Taman Nasional Endau-Rompin adalah hutan hujan tropis yang dilindungi di perpanjangan paling selatan Perbukitan Tenasserim, Malaysia. Terletak di selatan negara bagian Pahang dan timur laut Johor dengan luas sekitar 870 km2, menjadikannya taman nasional terbesar kedua di Semenanjung Malaysia setelah Taman Negara. Ini memiliki sekitar 26 km dari jejak. Ini adalah taman nasional kedua yang dicanangkan oleh pemerintah Malaysia. Taman ini mengambil namanya dari sungai Endau dan Rompin yang mengalir melalui taman. Sungai lain yang mengalir melalui taman adalah Segamat, Selai, dan Jasin. Ada dua pintu masuk resmi ke taman: pintu masuk Kampung Peta yang terletak di sepanjang batas timur di Distrik Mersing, dan pintu masuk Selai di batas barat daya di Distrik Segamat. Selama musim hujan dari November hingga Maret, taman ini ditutup untuk umum. Memancing dilarang dari bulan September sampai Oktober selama musim kawin.', 2.21360898017883300000, 103.53513336181640000000),
(25, 'Pulau Payar', '6', '165', 'Taman Laut', '0', 350000, 'Pulau Payar Marine Park', 'Pulau Payar adalah sebuah pulau di Kedah, Malaysia. Status Pulau Payar sebagai taman laut menawarkan perlindungan bagi biota laut yang beragam. Pulau Payar merupakan tempat snorkeling dan menyelam yang terkenal dengan terumbu karangnya.Taman Laut Pulau Payar terletak di bagian utara Selat Melaka, yang meliputi pulau Payar, Lembu, Segantang dan Kaca yang dikelilingi oleh terumbu karang. Taman laut ini dipenuhi dengan keanekaragaman biota laut dan vegetasi. Banyak spesies ikan dan organisme laut yang terancam punah hidup di dalam cagar alam. Dengan panjang 2 km dan lebar 1/4 km, Pulau Payar adalah pulau yang paling populer karena perairannya yang terlindung sangat ideal untuk snorkeling, menyelam, dan berenang. Di antara tempat menyelam adalah \"Taman Karang\", area yang ditutupi dengan karang lunak multi-warna cerah. Ada beberapa pantai berpasir di pulau Payar untuk piknik serta jalur hiking bagi mereka yang ingin menjelajahi pulau. Serta, Anda juga dapat menikmati pengalaman memberi makan bayi hiu.', 6.11839628219604500000, 100.36846160888672000000),
(26, 'Kilim Karts', '6', '165', 'Hutan Lindung', '0', 450000, 'Kilim Geoforest Park', 'Kilim Geoforest Park adalah salah satu dari tiga taman geoforest di Pulau Langkawi dengan luas 100 kilometer persegi. Kilim Geoforest Park adalah rumah bagi beberapa lanskap pulau yang paling indah dan signifikan secara geologis, dengan formasi batuan Setul yang berusia 490 juta tahun. Eksplorasi dengan kapal di Sungai Kilim yang ditumbuhi hutan mangrove yang beragam, mulai dari pohon Cycad yang kuno dan langka hingga kingfisher dan rangkong yang berwarna-warni. Di muara sungai, lanskap berubah secara dramatis dari hutan mangrove yang berlumpur menjadi pantai yang indah dan pulau-pulau batu kapur yang menjulang tinggi. Tempat pemberhentian favorit pada Kilim Geoforest Park lainnya yaitu Gua Kelawar atau \"gua kelelawar\" yang menjadi rumah bagi 3.000 kelelawar dan fosil dari 5.000 tahun yang lalu; Pantai Tanjung Rhu dengan pasir pantainya yang putih dan airnya yang tenang; dan Gua Cherita, atau \"Gua Legenda\" di mana seorang putri Cina dikatakan telah ditawan oleh Phoenix dalam sebuah fabel lokal.', 6.11839628219604500000, 100.36846160888672000000),
(27, 'The Habitat Penang Hill', '6', '170', 'Hutan Hujan', '0', 150000, 'Penang Hill Biosphere Reserve', 'The Habitat Penang Hill menyediakan pengalaman hutan hujan yang otentik, beragam, dan edukasional di Malaysia yang terletak kurang dari 10 km dari Situs Warisan Dunia UNESCO, George Town di Penang. Pusat penemuan hutan hujan kelas dunia ini.Pusat pengetahuan hutan hujan kelas dunia ini berada di pinggir cagar hutan yang dilindungi sejak 1911 dan memiliki jalan setapak sepanjang 1,6 km yang dibangun oleh Perusahaan Hindia Timur Britania pada awal tahun 1800an. Selain beragam flora dan fauna yang mengelilingi jalan ini, pengunjung juga dapat menikmati pemandangan Penang dan sekitarnya di atas Curtis Crest Tree Top Walk setinggi 13 meter yang merupakan titik pengamatan umum tertinggi di pulau ini (800 m di atas permukaan laut). The Habitat juga memiliki Langur Way Canopy Walk, jembatan stressed ribbon bridge rentang-2 terpanjang di dunia dan satu-satunya yang berada di dalam hutan hujan di mana Anda bisa melihat pemandangan lapisan canopy hutan, tempat berkumpulnya lebih dari 50% keanekaragaman hayati hutan.', 5.42551898956298800000, 100.26803588867188000000),
(28, 'Gunung Mulu', '6', '174', 'Taman Nasional', '1', 650000, 'Gunung Mulu National Park', 'Gunung Mulu merupakan taman nasional yang berada di kota Serawak, Malaysia. Untuk sampai ke Gunung Mulu perlu menggunakan 2 jenis transportasi, yaitu transportasi udara dan transportasi darat. Di taman nasional Gunung Mulu terapat 2 aktivitas yang dapat dilakukan, yaitu mendaki gunung dan menjelajahi gua.', 4.04583311080932600000, 114.93000030517578000000),
(29, 'Kinabalu', '6', '173', 'Taman Nasional', '1', 550000, 'Kinabalu National Park', 'Kinabalu merupakan taman nasional yang berada di kota Sabah, Malaysia yang memiliki luas 754 km persegi. Tujuan utamanya adalah Gunung Kinabalu. Dimana gunung ini merupakan gunung tertinggi antara Himalaya dan New Guinea. Dimana lerengnya merupakan rumah bagi kumpulan spesies tumbuhan dan hewan. TErutama bagi tanaman yang memiliki kedekatan dengan flora dari Himalaya, cina, Australia, Semenanjung Malaya, dan wilayah pan-tropis. Terdapat beberapa fasilitas di taman nasional kinabalu, yaitu galeri sejarah alam, conference room, aula multi purpose, dan beberapa penginapan.', 5.98040819168090800000, 116.07345581054688000000),
(30, 'Taman Negara', '6', '169', 'Taman Nasional', '1', 500000, 'Taman Negara National Park', 'Taman Negara merupakan salah satu tempat bagi wisatawan yang memiliki minat terhadap alam dan hutan hujan. Taman negara adalah tempat tinggal bagi 15.000 spesies tanaman, 675 spesies burung, 250 spesies air tawar, dan masih banyak lagi.Terdapat beberapa aktivitas yang dapat dilakukan di taman negara, yaitu jalan kanopi, mendaki gunung tahan, makan di mutiara restaurant, hiking ke bukit teresek, mengunjungi suku orang asli, tambek rapids, menjelajahi gua, melihat burung, berjalan di hutan malam hari, dan memberi makan ikan di kelas Sanctuary.', 4.63600778579711900000, 102.40692138671875000000),
(31, 'Ranggu', '1', '1', 'Pulau', '0', 250000, 'Pulau Ranggu Island', 'Pulau Ranggu merupakan pulau hutan mangrove yang terletak di tengah Sungai Brunei. Pulau Ranggu merupakan rumah bagi keragaman hayati dengan berbagai satwa langka seperti Ikan Tembakul (mudskipper) dan berang-berang . Pengunjung Pulau Ranggu juga dapat melihat berbagai spesies burung seperti kuntul besar putih(white egret), burung kowak malam (night heron), dan burung cekakak (kingfisher) yang warna warni. Bintang utama yang dinantikan para pengunjung apabila berkunjung ke Pulau Ranggu adalah monyet bekantan, satwa endemik di Pulau Borneo yang dilindungi.', 4.86419630050659200000, 114.91323089599610000000),
(32, 'Ulu Temburong', '1', '4', 'Taman Nasional', '0', 250000, 'Ulu Temburong National Park', 'Taman Nasional Ulu Temburong adalah taman nasional pertama yang didirikan di Brunei, dilindungi sejak tahun 1991. Taman ini berada di Distrik Temburong di timur Brunei, dan mencakup sekitar 40% distrik di selatan seluas 550 kilometer persegi. Itu berada di dalam Cagar Hutan Batu Apoi. Taman ini memiliki hutan yang masih alami dan dikenal sebagai \"Permata Hijau Brunei\", digambarkan sebagai \"contoh terbaik dari kebijakan perlindungan hutan yang berhasil dari kesultanan\". Sungai-sungai utama adalah Sungai Temburong dan Belalong. Ini adalah pusat ekowisata penting di Brunei dan menjadi tuan rumah Resor Ulu Ulu. Hutan Lindung Perdayan juga terletak di kabupaten ini. Taman ini berada di bawah kendali Departemen Kehutanan Kementerian Sumber Daya Primer dan Pariwisata. Kantor Pusat Taman Nasional terletak di dekat pertemuan Sungei Belalong dengan sungai Temburong.', 4.44679355621337900000, 115.21154785156250000000),
(33, 'Seri Kenangan', '1', '3', 'Taman Laut', '0', 200000, 'Pantai Seri Kenangan', 'Pantai Seri Kenangan merupakan sebuah rekreasi populer yang hanya berjarak lima menit dari kota Tutong. Daya tarik dari pantai ini adalah efek yang diciptakan oleh sebidang tanah sempit yang memisahkan Sungai Tutong yang halus seperti cermin dari perairan Laut Cina selatan yang bergelombang.', 4.77620649337768550000, 114.60110473632812000000),
(34, 'Tanjung Batu', '1', '1', 'Taman Laut', '0', 100000, 'Tanjung Batu Beach', 'Pantai Tanjung Batu merupakan taman laut yang besar bagi Brunei, digunakan untuk bendungan pelindung, dan tempat liburan warga, serta proyek lingkungan untuk pengembangbiakan dan pelestarian beberapa spesies penyu. Anda dapat bertemu penduduk setempat yang sedang jogging atau bersepeda di sepanjang garis pantai. Wilayah berpasir pantai dengan mulus menyatu dengan hutan dan sungai hutan yang tidak bisa ditembus. Selain kegiatan di luar ruangan, pantai ini idealnya dilengkapi untuk memancing, nelayan lokal mendapatkan bass laut, cumi-cumi dan penghuni dasar laut lainnya di sini. Pantai ini terletak di kota bernama Muara, dekat masjid. Tentu saja, ini adalah rekreasi yang sangat baru bagi wisatawan dan penduduk lokal di Brunei, semua konstruksi di sini adalah karya tangan manusia, tidak alami, tetapi karena itu, pantai tidak berhenti menjadi tempat favorit untuk berdagang oleh-oleh, seafood atau minuman ringan, serta area kreativitas fotografer pencinta kebebasan.', 5.03868532180786100000, 115.06175994873047000000),
(35, 'Tasek Lama', '1', '1', 'Air Terjun', '0', 350000, 'Tasek Lama Recreational Park', 'Taman Rekreasi Tesek Lama adalah tempat yang populer di kalangan penduduk lokal dan pengunjung di ibu kota Brunei. Penduduk setempat terkadang menyebut taman itu sebagai Taman Air Terjun. Mungkin sulit untuk percaya bahwa taman yang begitu indah dan damai ada di tengah hiruk pikuk kota, tetapi ketika Anda mengunjungi Anda pasti akan menikmati suasana yang tenang dan tenteram, dengan udara segar.Tempat yang bagus untuk bersantai dan melarikan diri dari kehidupan kota untuk sementara waktu, lebih baik mengunjungi taman di pagi atau sore hari ketika suhu sedikit lebih dingin. Ada beberapa jalur jogging dan jalan kaki jika Anda merasa aktif, beberapa di flat dan lainnya yang memberi Anda lebih banyak latihan di tanjakan. Dikelilingi oleh hutan tropis, pepohonan rindang memberikan keteduhan yang ramah. Ada banyak bunga berwarna-warni dan tanaman yang menarik untuk dikagumi, dan pejabat dari negara lain datang ke Taman Rekreasi Tasek Lama untuk menanam pohon kecil sebagai simbol penguatan hubungan dengan Brunei.', 4.90168714523315400000, 114.94426727294922000000),
(36, 'Bukit Patoi', '1', '1', 'Taman Alam', '0', 300000, 'Bukit Patoi Forest Recreational Park', 'Taman Rekreasi Bukit Patoi terletak di dalam Cagar Hutan Peradayan yang menggabungkan lereng kembar Bukit Peradayan dan Bukit Patoi dengan ketinggian 410 dan 310 meter di atas permukaan laut. Pengunjung dapat mengunjungi taman ini dan menyusuri hutan melalui jalan setapak sepanjang 1.6 km dari lereng hingga puncak bukit sambil melihat gua abnormal dan pembentukan batu pasir. Jika beruntung, pengunjung juga dapat melihat satwa liar yang ada di sekitar hutan seperti Kijang. Di puncak, pengunjung dapat merasakan angin sepoi-sepoi serta melihat pemandangan hijau dan biru yang menakjubkan yang menjangkau cakrawala, termasuk gunung, serta menyaksikan lanskap Lawas, garis pantai Sarawak, Laut Cina Selatan, kota, dan daerah pedesaan.', 4.75000000000000000000, 115.18333435058594000000),
(37, 'Luagan Lalak', '1', '2', 'Taman Alam', '0', 200000, 'Luagan Lalak Forest Recreational Park', 'Taman Rekreasi Luagan Lalak merupakan bagian dari Cagar Hutan Labi yang terletak di Belait memiliki luas sekitar 270 hektar. Taman Rekreasi Luagan Lalak ini merupakan fitur alam yang langka di Pulau Borneo/Kalimantan dimana sebagian besar taman merupakan rawa air tawar. Pada saat musim kemarau, perairan rawa akan surut dan pengunjung dapat melihat ladang penuh dengan tanaman Lepironia Di Taman Rekreasi Luagan Lalak, pengunjung dapat menyaksikan pemandangan matahari terbit yang indahdan menjelajahi jembatan kayu sepanjang 200 meter di tengah danau yang jernih dimana pengunjung akan merasakan seolah-olah berjalan di atas cermin juga sebagai tempat favorit bagi para pengunjung untuk mengambil foto.', 4.51564455032348600000, 114.47523498535156000000),
(38, 'Peradayan', '1', '1', 'Hutan Lindung', '0', 300000, 'Peradayan Forest Reserve', 'Hutan Rekreasi Bukit (Bukit) Peradayan terletak di distrik Temburong yang paling hijau di Brunei Darussalam, yang dapat dicapai dengan helikopter atau perahu. Perahu itu dikenal sebagai perahu tambang, atau taksi air, tersedia di dermaga dekat Jembatan Kianggeh, di sepanjang Jalan Residen di Bandar Seri Begawan.Perjalanan ke Bangar, ibu kota Temburong memakan waktu sekitar 45 menit dan melewati rute indah yang di kedua sisinya dibatasi oleh pohon nipah dan hutan bakau.Hutan rekreasi telah dikembangkan di dalam Kawasan Hutan Lindung Peradayan seluas 1.070 hektar sekitar 15 km dari Bangar. Cara terbaik untuk pergi ke sana adalah dengan mobil. Dari sini pengunjung melakukan perjalanan dengan berjalan kaki untuk sampai ke hutan rekreasi yang ditunjuk.Hutan rekreasi yang memiliki luas 997 hektar persegi ini tidak pernah gagal memukau pengunjung dengan, selain perbukitan, flora dan fauna yang melimpah secara alami serta formasi geologis yang tidak biasa dari batu kapur dan gua-guanya.', 4.93112039566040000000, 114.95169067382812000000),
(39, 'Teraja', '1', '2', 'Air Terjun', '0', 300000, 'Teraja Waterfall', 'Teraja Waterfall menyuguhkan pemandangan alam yang sangat memukau. Suasananya juga masih sangat asri dan alami. Air terjun berwarna jernih dan segar yang mengalir ke kolam yang ada di bawahnya seolah mengundang siapa saja untuk berenang.Teraja Waterfall terletak di tengah hutan. Tak heran jika tempat wisata ini juga menjadi habitat berbagai flora dan satwa liar yang unik.', 4.28647327423095700000, 114.41881561279297000000),
(40, 'Wasai Kandal', '1', '1', 'Air Terjun', '0', 300000, 'Wasai Kandal Waterfall', 'Wasai Kandal adalah salah satu tempat yang cocok bagi pengunjung yang menyukai pemandangan hutan. Terletak sekitar 10 km dari Bandar Seri Begawan, Wasai Kandal terkenal dengan kolam alami dan air terjunnya. Dua air terjun yang paling populer adalah Air Terjun Tinggi dan Air Terjun Rendah yang terletak di 360 meter dari jalan utama. Pengunjung juga dapat menyusuri hutan menuju danau Tasek Laboi. Danau ini terletak agak tersembunyi di antara pepohonan yang tinggi juga membawa suasana tenteram. Airnya juga gelap dan dilindungi oleh karang-karang. Danau selanjutnya yang dapat ditemukan pengunjung adalah Wassai Lumut Lumpan dimana terdapat air terjun kecil. Tidak jauh dari sana, pengunjung dapat menemukan kolam yang lebih kecil yaitu Wassai Dang Umai.', 4.93112039566040000000, 114.95169067382812000000),
(41, 'Tasek Merimbun', '1', '3', 'Taman Budaya', '1', 350000, 'Tasek Merimbun Heritage Park', 'Tasek Merimbun merupakan salah satu dari taman budaya ASEAN yang dilindungi dengan luas wilayah 78 kilometer persegi. Taman ini merupakan suaka bagi spesies langka dan terancam punah — termasuk kelelawar buah berkerah putih, rangkong, macan dahan, kukang, tarsius, beruang madu, burung argus besar, siamang kalimantan, elang laut perut putih, dan tupai terbang Vordermann. Taman ini terdapat ruang pameran yang luas dengan pemandangan danau dan taman yang indah serta menampilkan pameran bagi pengunjung yang ingin mengenal lebih dalam mengenai sejarah taman, keanekaragaman hayati, dan budaya. Pengunjung juga dapat melihat Rumah Dusun, bangunan tradisional dua lantai yang dibangun seluruhnya dengan sumber daya hutan dari 42 spesies tanpa menggunakan paku.', 4.59619522094726600000, 114.68015289306640000000),
(42, 'Puerto Princesa Subterarranean', '2', '63', 'Taman Nasional', '0', 650000, 'Puerto Princesa Subterranean River National Park', 'Taman Nasional Sungai Bawah Tanah Puerto-Princesa mencakup salah satu sistem gua paling mengesankan di dunia, menampilkan lanskap karst batu kapur yang spektakuler, keindahan alam yang murni, dan hutan tua yang utuh serta satwa liar yang khas. Terletak di bagian barat daya Kepulauan Filipina di pantai barat tengah Palawan, sekitar 76 km barat laut Puerto Princesa dan 360 km barat daya Manila. Properti, yang terdiri dari area sekitar 22.202 ha, berisi sungai bawah tanah sepanjang 8,2 km. Sorotan dari sistem sungai bawah tanah ini adalah bahwa ia mengalir langsung ke laut, dengan bagian bawahnya yang payau dipengaruhi oleh pasang surut, membedakannya sebagai fenomena global alami yang signifikan. Gua sungai menyajikan formasi batuan yang luar biasa dan menarik. Properti ini berisi ekosistem gunung-ke-laut penuh yang menyediakan habitat signifikan untuk konservasi keanekaragaman hayati dan melindungi hutan yang paling utuh dan penting dalam provinsi biogeografi Palawan. ', 9.76384258270263700000, 118.74732971191406000000),
(43, 'Minalungao', '2', '59', 'Taman Nasional', '0', 500000, 'Minalungao National Park', 'Taman Nasional Minalungao adalah kawasan lindung Filipina yang terletak di kotamadya General Tinio, Nueva Ecija di Luzon Tengah. Taman ini mencakup area seluas 2.018 hektar yang berpusat di sepanjang Sungai Peñaranda yang indah yang dibatasi di kedua sisi oleh dinding batu kapur setinggi 16 meter di kaki pegunungan Sierra Madre. Didirikan pada tahun 1967 berdasarkan Undang-Undang Republik No. 5100. Taman ini dianggap sebagai salah satu dari sedikit lingkungan alam yang tersisa di wilayah utara Manila ini. Ini dipromosikan oleh pemerintah setempat sebagai tujuan ekowisata yang menawarkan pemandangan sungai yang hijau dan formasi batuan yang unik. Sebuah sistem gua yang belum dijelajahi juga telah diidentifikasi sebagai atraksi potensial. Fasilitas untuk piknik, berenang, memancing, naik rakit, dan menyelam di tebing juga telah disiapkan untuk menarik lebih banyak pengunjung.', 15.30071163177490200000, 121.10910797119140000000),
(44, 'Lake Danao', '2', '49', 'Taman Nasional', '0', 400000, 'Lake Danao National Park', 'Awalnya bernama Danau Imelda dan dinyatakan sebagai taman nasional pada 2 Juni 1972 berdasarkan memorandum presiden yang dikeluarkan oleh Presiden Ferdinand Marcos. Kemudian diubah namanya dan dinyatakan sebagai Taman Nasional Danau Danao pada tanggal 3 Februari 1998 melalui Proklamasi No. 1155 dan sekarang dilindungi oleh Undang-Undang Republik No. 7586 atau dikenal sebagai Undang-Undang Sistem Kawasan Lindung Terpadu Nasional (NIPAS) tahun 1992. Danau ini memasok air minum ke setidaknya tujuh kota di Leyte Timur termasuk Tacloban serta sumber irigasi untuk sawah di beberapa kotamadya seperti Dagami, Burauen, Pastrana dan Tabontabon.', 11.07083606719970700000, 124.69532775878906000000),
(45, 'Biak Na Bato', '2', '21', 'Taman Nasional ', '0', 350000, 'Biak-na-Bato National Park', 'Taman Nasional Biak-na-Bato adalah kawasan lindung Filipina yang terletak hampir seluruhnya di dalam Barangay Biak-na-Bato di San Miguel, Bulacan dari mana ia mendapatkan namanya. Taman ini juga meluas ke kotamadya terdekat San Ildefonso dan Doña Remedios Trinidad dengan luas total 2.117 hektar.  Itu dinyatakan sebagai taman nasional pada tahun 1937 oleh Presiden Manuel Luis Quezon berdasarkan hubungannya dengan sejarah dan situs Republik Biak-na-Bato. Taman ini terdiri dari jaringan gua dan sistem sungai dan jalan setapak yang penting secara historis dan ekologis. Terletak hanya 80 kilometer timur laut dari Manila, tempat ini dengan cepat menjadi tujuan petualangan lingkungan akhir pekan yang populer bagi penduduk kota.', 15.12396812438964800000, 121.05071258544922000000),
(46, 'Northern Negros', '2', '56', 'Taman Alam ', '0', 250000, 'Northern Negros National Park', 'Taman Alam Negros Utara adalah kawasan lindung Filipina yang terletak di wilayah hutan pegunungan utara pulau Negros di Visayas. Ini tersebar di lima kotamadya dan enam kota di provinsi Negros Occidental dan merupakan daerah aliran sungai dan sumber air terbesar di provinsi itu untuk tujuh belas kotamadya dan kota termasuk wilayah metropolitan Bacolod. Taman ini termasuk dalam Wilayah Biogeografis Negros–Panay. Ini adalah salah satu dari dua hutan dataran rendah yang tersisa di pulau Negros, yang lainnya berada di daerah aliran sungai Dumaguete di Gunung Talinis di ujung selatan pulau di Negros Oriental.', 10.66376018524170000000, 123.23712921142578000000),
(47, 'Mayon Volcano', '2', '9', 'Taman Alam', '0', 350000, 'Mayon Volcano Natural Park', 'Taman Alam Mayon Volcano adalah kawasan lindung Filipina yang terletak di bagian selatan pulau utama Luzon,Provinsi Albay. Menjulang di ketinggian 2.462 meter di atas permukaan laut, gunung berapi Mayon terkenal dengan bentuk kerucut sempurna yang keindahan alamnya telah menginspirasi sejumlah legenda dan seni. Sebagai gunung berapi paling aktif di Filipina dan salah satu gunung berapi yang paling aktif di dunia, Gunung Mayon telah meletus lebih dari 51 kali dengan letusan paling destruktif pada tahun 1814. Dibalik sifat destruktifnya, Gunung Mayon memiliki keanekaragaman hayati di taman dengan 156 spesies flora dan 104 spesies fauna. Pengunjung taman dapat mengikuti tur ekologi ke Bukit Kapuntukan, Reruntuhan Cagsawa, Gereja Daraga, dan Taman Alam Bukit Ligñon di mana Anda dapat melihat pemandangan 360 derajat dari area tersebut termasuk pemandangan Gunung Mayon yang indah. Anda juga dapat mencoba zip line sepanjang 320 meter, dan pergi ke jembatan gantung.', 13.28459739685058600000, 123.67124176025390000000),
(48, 'Tuka', '2', '71', 'Taman Laut', '0', 400000, 'Tuka Marine Park and Beach Resort', 'Taman Laut Tuka di Kiamba, Sarangani adalah tempat yang cocok bagi orang yang senang menjelajahi kehidupan bawah laut. Taman laut Tuka adalah cagar alam laut yang memiliki keanekaragaman hayati laut yang kaya dan berwarna-warni yang telah berkembang selama bertahun-tahun melalui upaya perlindungan dan konservasi masyarakat di sekitarnya. Taman Laut Tuka terdiri dari 4 teluk dimana hanya satu teluk yang dibuka untuk umum. Tempat ini memiliki pantai pasir putih dan taman karang yang menakjubkan yang dapat dilihat bahkan hanya beberapa meter dari pantai. Perairan yang masih alami dan jernih menjadikannya tempat yang ideal bagi pengunjung untuk snorkeling dan menyelam sambil melihat keanekaragaman hayati laut.', 5.92671728134155300000, 124.99475097656250000000),
(49, 'Samar', '2', '70', 'Pulau', '0', 400000, 'Samar Island', 'Samar, pulau, timur-tengah Filipina, terbesar ketiga (setelah Luzon dan Mindanao), bagian dari kepulauan Kepulauan Visayan. Itu terletak di antara Laut Samar dan Filipina dan dipisahkan dari Semenanjung Bicol di Luzon (barat laut) oleh Selat San Bernardino. Samar sebagian besar terisolasi dari rute pelayaran pulau utama. Sebagian besar perdagangan internalnya adalah dengan kapal pantai', 12.24337959289550800000, 125.04586791992188000000),
(50, 'Mount Arayat', '2', '64', 'Taman Nasional ', '0', 300000, 'Mount Arayat National Park', 'Taman Nasional Gunung Arayat adalah taman nasional yang terletak di dalam kotamadya Arayat dan Magalang di Provinsi Pampanga dengan luas wilayah 3715 hektar. Taman nasional yang megah ini dikelilingi oleh air terjun yang eksotis dan menampilkan keanekaragaman flora yang luar biasa bersama dengan berbagai satwa liar. Di kaki gunung, terdapat tempat piknik yang dikelilingi oleh dedaunan yang rimbun, air terjun, kolam ikan, kolam renang, dan fasilitas rekreasi lainnya. Pengunjung juga dapat mendaki Gunung Arayat, gunung berapi dengan dua puncak yang sudah tidak aktif melalui dua jalur pendakian : jalur pendakian pertama dari kotamadya Arayat dan jalur pendakian kedua melalui kotamadya Magalang. Saat mencapai puncak melalui jalur pendakian pertama, pengunjung dapat melihat panorama Pusat Luzon yang spektakuler: di barat adalah pemandangan Sungai Pampanga dan pegunungan Zambales dan Bataan sementara di timur adalah pemandangan pegunungan Sierra Madre yang menakjubkan.', 15.20521545410156200000, 120.74250030517578000000),
(51, 'Caramoan Peninsula ', '2', '24', 'Taman Nasional', '0', 500000, 'Caramoan Peninsula National Park', 'Taman Nasional Caramoan Peninsula terletak di timur laut Provinsi Camarines Sur, di seberang Pulau Catanduanes. Taman Nasional Caramoan dicirikan oleh formasi batuan kapur dan pesisir pantai putih yang indah. Pantai terbaik di taman nasional ini adalah Pantai Gota, dimana terdapat kolam laut alami, akses ke pulau-pulau kapur yang menjorok keluar dari air,dan berkesempatan untuk melihat satwa liar. Selain melihat pemandangan pantai, pengunjung juga dapat melakukan aktivitas pantai seperti kayaking, scuba diving, dan panjat tebing. Dengan semua formasi batu kapur yang unik, gua juga menjadi salah satu destinasi utama bagi para pengunjung. Gua terbaik di taman ini adalah Gua Omang. Gua lain di daerah ini termasuk Gua Manipis dan Culapnitan.', 13.79527759552002000000, 123.70361328125000000000),
(52, 'Gunung Apo', '2', '33', 'Taman Nasional', '1', 500000, 'Mount Apo Natural Park', 'Taman Alam Gunung Apo, dengan luas wilayah 64.000 hektar, terletak di Provinsi Davao. Dengan ketinggian 3.143 meter di atas permukaan laut, Gunung Apo adalah gunung tertinggi di Filipina dan salah satu situs wisata alam paling populer di negara Filipina. Taman Alam Gunung Apo merupakan kawasan lindung seluas 64.000 hektar yang menawarkan hutan hujan lebat, geyser, mata air panas, pilar belerang, danau, sungai, air terjun, dan keajaiban alam lainnya. Jika beruntung, pengunjung yang mendaki Gunung Apo dapat berkesempatan untuk melihat Elang Filipina yang dilindungi terbang di langit.', 6.98745632171630900000, 125.27099609375000000000),
(53, 'Pegunungan Iglit-Baco', '2', '68', 'Taman Nasional', '1', 450000, 'Mounts Iglit-Baco National Park', 'Taman Nasional Pegunungan Iglit-Baco, dengan luas wilayah 75.445 hektar, terletak di Pulau Mindoro yang memuat dua gunung, Gunung Iglit (ketinggian 2.364 meter di atas permukaan laut) dan Gunung Baco (2.488 meter di atas permukaan laut). Pengunjung taman nasional ini dapat mendaki gunung, melihat burung, dan melihat tamaraw, salah satu hewan mamalia besar yang paling terancam punah. Hewan dan tumbuhan endemik lainnya juga menjadikan taman ini sebagai habitat tempat tinggal mereka, sehingga menjadikan taman ini sebagai pusat endemik dan keanekaragaman hayati. ', 12.87972068786621100000, 121.77401733398438000000),
(54, 'Pegunungan Kitanglad', '2', '20', 'Taman Nasional', '1', 450000, 'Mount Kitanglad Range Natural Park', 'Taman Alam Pegunungan Kitanglad, dengan total luas wilayah 47.270 hektar, terletak di utara Mindanao di provinsi Bukidnon. Gunung Dulang-Dulang adalah salah satu dari lima puncak di Pegunungan Kitanglad di 2.938 meter di atas permukaan laut dan merupakan gunung tertinggi kedua di Filipina setelah Gunung Apo. Taman Alam Pegunungan Kitanglad adalah salah satu dari sedikit hutan hujan yang tersisa di Filipina, yang menampung salah satu spesies paling penting dari satwa liar langka dan endemik, terutama Elang Filipina, yang dikenal sebagai burung nasional FIlipina. Pengunjung taman ini dapat mendaki gunung dan melihat burung Elang Filipina di Kaki Gunung Kitanglad. Ada juga banyak danau dan mata air di area ini untuk berenang. Gua Panyak yang sangat besar memiliki formasi stalaktit dan stalagmit yang indah menjadi tujuan yang menarik bagi para penjelajah gua.', 8.13981246948242200000, 124.91658782958984000000),
(55, 'Pegunungan Malindang', '2', '53', 'Taman Nasional', '1', 350000, 'Mount Malindang Range Natural Park', 'Taman Nasional Pegunungan Malindang, dengan total luas wilayah 53.262 hektar, terletak di bagian selatan Pulau Mindanao di Provinsi Misamis Occidental. Pegunungan Malindang terbentuk dari serangkaian aktivitas gunung berapi pada jaman kuno dan tidak terdokumentasi dengan baik. Pegunungan Malindang ini memiliki tujuh puncak utama dimana Gunung Malindang merupakan puncak tertinggi (2404 meter di atas permukaan laut) dan Gunung Ampiro merupakan puncak terendah (1532 meter di atas permukaan laut). Daya pikat taman nasional ini adalah danau kawah, air terjun, hutan pohon pinus, dan hutan hujan lebat yang merupakan habitat dari flora dan fauna yang beragam dan langka. Destinasi utama bagi para pendaki Gunung Malindang adalah Danau Kawah Duminagat yang mistis yang merupakan salah satu landmark bersejarah dan situs ritual suku Subanen, Mata Air Panas Sebucal, dan Air Terjun Piduan.', 8.33749008178711000000, 123.70706176757812000000),
(56, 'Gunung Makiling', '2', '16', 'Hutan Lindung', '1', 350000, 'Mount Makiling Forest Reserve', 'Hutan Lindung Gunung Makiling dengan luas wilayah 4.244 hektar, terletak di antara provinsi Laguna dan Batangas. Gunung Makiling merupakan gunung berapi nonaktif dengan ketinggian 1.090 meter di atas permukaan laut. Pengunjung dapat mendaki Gunung Makiling melalui jalur pendakian Maria Makiling dari Institut Perhutanan di Universitas Philippines Los Baños (UPLB).Melalui jalur pendakian ini, pengunjung juga dapat melihat berbagai flora dan fauna yang endemik dan langka di Filipina. Salah satunya adalah Bunga Rafflesia, bunga terbesar di dunia. Selain melihat flora dan fauna yang beragam, pengunjung Gunung Makiling juga dapat melihat lumpur panas. Pengunjung yang tidak ingin mendaki gunung terlalu tinggi namun ingin melihat beragam flora dan fauna di Gunung Makiling dapat berkunjung ke Taman Botani Makiling.', 13.94503402709961000000, 121.13120269775390000000);
INSERT INTO `destination` (`destinationId`, `destinationName`, `destinationCountry`, `destinationLocation`, `destinationType`, `destinationHeritagePark`, `destinationPrice`, `destinationOtherName`, `destinationDescription`, `destinationLat`, `destinationLong`) VALUES
(57, 'Pegunungan Hamiguitan', '2', '35', 'Suaka Margasatwa', '1', 400000, 'Mount Hamiguitan Range Wildlife Sanctuary', 'Suaka Margasatwa Pegunungan Hamiguitan, dengan luas wilayah 7.132 hektar, terletak di provinsi Davao.  Suaka Margasatwa Pegunungan Hamiguitan mempunyai elevasi 75 hingga 1.637 meter di atas permukaan laut dan merupakan habitat penting bagi berbagai macam flora dan fauna termasuk Elang Filipina, Burung Kakaktua Filipina, Tarsier Filipina, Tikus Ekor Berbulu Hamiguitan, dan lain-lain. Di puncak tertinggi Pegunungan Hamiguitan terdapat hutan pygmy terbesar di dunia yang dilindungi. Pengunjung Suaka Margasatwa dapat berkunjung ke situs interpretasi, museum ilmu alam, pusat penelitian dan kabin, observasi dek untuk melihat burung, jembatan gantung, observasi dek untuk melihat pemandangan matahari terbenam, dan Cafe Hamiguitan. Untuk tamu yang lebih suka berpetualang, mereka juga dapat menikmati fasilitas lain dari taman seperti mendaki gunung melalui jalur pendakian, rintangan di puncak pohon, dan wahana meluncur lemur terbang. ', 6.73999977111816400000, 126.18166351318360000000),
(58, 'Karang Tubbataha', '2', '63', 'Taman Nasional', '1', 600000, 'Tubbataha Reefs Natural Park', 'Taman Alam Terumbu Karang Tubbataha adalah kawasan konservasi laut seluas 97.030 hektar di provinsi Palawan, 150km tenggara Kota Puerto Princesa. Taman ini terdiri dari dua atol karang, Atol Utara dan Atol Selatan, dan Jessie Beazley Reef, struktur karang yang lebih kecil sekitar 20km di bagian utara atol. Taman Alam Terumbu Karang Tubbataha telah dianggap sebagai salah satu situs menyelam paling luar biasa di dunia, perjalanan impian bagi sebagian besar penyelam scuba. Pengunjung dapat menyelam ke dalam laut untuk melihat keindahan berbagai macam terumbu karang dan beragam flora dan fauna laut, termasuk rumput laut, alga, hiu, pari, berbagai macam spesies ikan, dan penyu. ', 8.85000038146972700000, 119.93333435058594000000),
(59, 'Timpoong dan Hibok-Hibok', '2', '25', 'Monumen Alam', '1', 500000, 'Timpoong and Hibok-Hibok Natural Monument', 'Monumen Alam Timpoong dan Hibok-Hibok adalah salah satu keajaiban alam di Filipina yang merupakan bagian dari Taman Warisan ASEAN yang terletak di Provinsi Camiguin. Dengan total luas lahan 3.739 hektar, taman cagar budaya ini memiliki lima habitat utama: padang rumput, dataran tinggi lahan basah atau habitat air tawar, hutan berlumut, hutan dipterokarpa, dan danau kawah. Kehadiran berbagai tipe habitat tersebut mengakibatkan tingginya tingkat endemisme dan keanekaragaman spesies pada monumen alam ini seperti Burung Hantu Elang Camiguin, Burung Beo Gantung Camiguin, Tikus Hutan Camiguin, Katak Mulut Sempit Camiguin, pohon obat seperti Kalingag dan Duguan. Daerah ini memiliki banyak area potensial untuk ekowisata, pemandangan umum dan trekking terutama pada zona multi guna (misalnya gunung berapi Gunung Hibok-Hibok dengan Danau Kawah Aron, air terjun Binangawan di Bonbon Sagay dan Air Terjun Tuasan di Mainit, Catarman).', 9.20276546478271500000, 124.67182159423828000000),
(60, 'Rawa Agusan', '2', '7', 'Suaka Margasatwa', '1', 400000, 'Agusan Marsh Wildlife Sanctuary', 'Agusan Marsh wildlife sanctuary merupakan suaka margasatwa terbesar yang ada di Filipina. Memiliki area seluas 15.000 hektar yang mencakup hutan rawa, aliran air, dan danau. Tempat ini dapat diakses dengan naik perahu motor selama 1,5 jam dari kotapraja Bunawan. Rawa ini merupakan habitat buaya Filipina dan burung air seperti bebk liar, bangau, dan kuntul. Selain itu juga merupakan tempat perlindungan dari Oriental Darter dan Purple Swamp Hen, serta Elang Filipina, Merpati Kekaisaran Berbintik, dan Kingfisher.', 8.50951766967773400000, 125.77845001220703000000),
(61, 'Dong Hua Sao', '5', '149', 'Kawasan Lindung Nasional', '0', 350000, 'Dong Hua Sao Protected Area', 'Dengan luas sekitar 1100 kilometer persegi di Provinsi Champasak, Dong Hua Sao terdiri dataran rendah yang sebagian merupakan daerah lindung. Daerah vegetasi terdiri dari hutan hijau di dataran rendah, sedangkan di dataran tinggi memiliki hutan gugur kering dan campuran. Koleksi fauna di daerah mengagumkan dengan satwa yang penting karena populasi yang sedikit, seperti rusa sambar, babi hutan, musang, macan tutul, tupai, dan berang-berang halus. Dengan tambahan 26 spesies burung dan 41 spesies reptil dan amfimbi yang dilindungi.', 15.29630088806152300000, 106.10926055908203000000),
(62, 'Nam Et-Phou Louey', '5', '150', 'Kawasan Lindung Nasional', '0', 250000, 'Nam Et - Phou Louey National Protected Area', 'Taman Nasional (TN) Nam Et–Phou Louey terletak di timur laut Laos PDR. Dengan luas 401.720 hektar, taman ini adalah kawasan lindung terbesar di Laos. Nama taman nasional ini diambil dari dua fitur utama pada taman ini, Sungai Et dan Phou Louey (\"Gunung selamanya\"). Kawasan ini memiliki hutan primer,tingkat keanekaragaman hayati yang tinggi, dan sejumlah spesies yang terancam punah termasuk harimau, Gaur, Rusa Sambar, dan siamang pipi putih. Taman Nasional ini memiliki dua aktivitas tur ekologi margasatwa: tur safari malam dan tur trekking konservasi margasatwa. Tur safari malam merupakan tur berbasis perahu dimana pengunjung akan dipandu dengan guide menuju pusat kawasan lindung sembari melihat aktivitas satwa liar pada malam hari. Sementara tur trekking konservasi margasatwa akan memberikan pengalaman yang berbeda dimana pengunjung dapat mendaki gunung dan merasakan bagaimana pekerjaan ahli biologi di lapangan seperti menganalisis jejak kaki, bekas cakar pada pohon, dan menangkap foto satwa liar.', 20.15152168273925800000, 103.63572692871094000000),
(63, 'Bokeo', '5', '147', 'Cagar Alam', '0', 300000, 'Bokeo Nature Reserve', 'Bokeo merupakan cagar alam yang terletak di barat laut Laos. Berada di tepi sungai Mekong.  Cagar alam  ini didirikan pada tahun 2004 dengan misi melestarikan 123.000 hektar hutan hujan primer. Hutan ini merupakan tempat keanekaragaman hayati yang langka seperti harimau, beruang, gajah, simpanse, kerbau, dan burung serta serangga. Bokeo merupakan negeri yang luas, megah dengan rumah kecil yang mempesona terhampar di pucuk pohon. Wisatawan yang mengunjungi Laos harus melakukan perjalanan ke cagar alam Bokeo untuk mengenal ekosistem Laos yang luar biasa kaya.', 20.28726577758789000000, 100.70978546142578000000),
(64, 'Tham Kong Lo', '5', '151', 'Taman Nasional', '0', 500000, 'Kong Lor Cave', 'Gua Tham Kong Lo atau Kong Lor adalah gua batu kapur karst di Taman Nasional Phu Hin Bun, di Provinsi Khammouane, Laos. Terletak kira-kira 130 kilometer (81 mil) utara Thakhek, di Sungai Nam Hin Bun, yang mengalir ke dalam gua. Formasi karst sangat dramatis dan gua ini disebut-sebut sebagai \"salah satu keajaiban geologis Asia Tenggara\". Gua ini dalam (berlangsung sekitar 7 kilometer (4,3 mil)) dan lebar dan setinggi 300 kaki di beberapa bagian. Penduduk setempat dalam beberapa tahun terakhir telah mendirikan vendor di lokasi untuk memberikan kepada wisatawan. Di dalam gua ada kolam yang memancarkan warna zamrud cerah yang dianggap suci oleh penduduk setempat, percaya bahwa itu mencerminkan kulit dewa Hindu Indra.', 17.95691680908203000000, 104.76152038574219000000),
(65, 'Nong Khiaw', '5', '153', 'Taman Alam ', '0', 450000, 'Nong Khiaw View Point', 'Nong Khiaw Viewpoint atau Pha Daeng Peak yang terletak di kota Nong Khiaw, 150 km dari Luang Prabang.  Pengunjung dapat mendaki menuju titik pemandangan sekitar satu setengah jam dan akan merasakan puas setelah pendakian dengan melihat pemandangan indah berupa pegunungan dan kota Nong Khiaw yang diselimuti lautan awan seolah-olah berada di dunia lain.', 20.57103538513183600000, 102.61157226562500000000),
(66, 'Phou Khao Khuoay', '5', '158', 'Taman Nasional', '0', 400000, 'Phou Khao Khouay National Park', 'Phou Khao Khouay National Biodiversity Conservation Area adalah kawasan lindung di Laos. Terletak 40 kilometer (25 mil) timur laut Vientiane. Didirikan pada tanggal 29 Oktober 1993 meliputi area seluas 2.000 km2 yang membentang ke Provinsi Xaisomboun, Prefektur Vientiane, Provinsi Vientiane, dan Provinsi Bolikhamsai. Ini mencakup bentangan besar pegunungan dengan tebing batu pasir, ngarai sungai dan tiga sungai besar dengan anak sungai yang mengalir ke Sungai Mekong. Memiliki topografi pegunungan dengan ketinggian bervariasi dari 200 m – 1761 m. Daerah tersebut muncul dari \"pengangkatan dan pemaparan dari kompleks sedimen (batupasir sekis-tanah liat-Indosinias) yang mendasarinya\". Batupasir juga terlihat tersebar berlapis-lapis. Dataran tinggi datar yang luas dengan batupasir dengan hampir tidak ada penutup tanah juga merupakan bagian dari topografi taman.', 18.40236663818359400000, 103.03569030761719000000),
(67, 'Nam Phouy', '5', '160', 'Taman Nasional', '0', 200000, 'Nam Phouy National Biodiversity Conservation Area', 'Nam Phouy National Biodiversity Conservation Area adalah kawasan lindung di Provinsi Sayaboury di Laos. Dinamai setelah desa Nam Poui, juga dikenal sebagai \"Muang Pieng\" dan merupakan salah satu dari 21 Kawasan Konservasi Keanekaragaman Hayati Nasional (NBCA) yang didirikan oleh pemerintah Laos. NBCA terletak di pegunungan berhutan di Luang Prabang Range dan berbatasan dengan Thailand dan tiga taman nasional lainnya. Ini adalah bagian dari ekoregion hutan hujan Luang Prabang.', 18.68626022338867200000, 101.38358306884766000000),
(68, 'Phou Den Din', '5', '155', 'Taman Nasional', '0', 250000, 'Phou Den Din National Biodiversity Conservation Area', 'Phou Den Din National Protected Area atau National Biodiversity Conservation Area (NBCA) adalah kawasan lindung di Laos utara, seluas 2.200 km2 di Provinsi Phongsaly. Itu ditetapkan sebagai Kawasan Konservasi Keanekaragaman Hayati Nasional pada tahun 1993. Namanya juga dieja Phou Dene Dinh dan Phou Daen Din. Kawasan konservasi berbatasan dengan Vietnam, dan medannya berbukit, menjulang hingga lebih dari 2.000 meter. Di antara hewan yang ditemukan di daerah itu adalah gajah, siamang, kera, gaurs, banteng, beruang hitam Asia, beruang madu, macan tutul, dan harimau. Ini juga memiliki kepadatan tinggi elang ikan yang lebih rendah dan kingfishers jambul. Daerah ini tidak mudah diakses, tetapi dapat dicapai dengan perahu atau berjalan kaki.', 21.96710395812988300000, 102.39431762695312000000),
(69, 'Kuang Si Falls', '5', '153', 'Taman Alam ', '0', 350000, 'Kuang Si Waterfall', 'Air Terjun Kuang Si atau Air Terjun Kuang Xi, atau dikenal sebagai Air Terjun Tat Kuang Si, adalah air terjun tiga tingkat sekitar 29 kilometer (18 mi) selatan Luang Prabang. Air terjun adalah perjalanan sampingan favorit bagi wisatawan di Luang Prabang, dan dimulai di kolam dangkal di atas lereng bukit yang curam. Ini mengarah ke jatuh utama dengan penurunan 60 meter (200 kaki). Mereka diakses melalui jalan setapak di sebelah kiri air terjun. Airnya mengalir ke kolam berwarna biru kehijauan sebelum melanjutkan ke hilir. Banyaknya air terjun Kuang Si yang tidak khas air terjun, menambah daya tariknya.', 19.74949836730957000000, 101.99193572998047000000),
(70, 'Mount Phousi', '5', '153', 'Taman Alam ', '0', 400000, 'Phousi Hill', 'Gunung Phousi atau Bukit Phousi merupakan gunung kecil yang berada di Luang Prabang, yang terletak di Semenanjung antara sungai Mekong dan Nam Khan. Phou Si memiliki arti bukit suci yang memiliki tinggi sekitar 100 meter. Dari puncak gunung wisatawan memiliki pemandangan 360 derajat Luang Prabang, sungai Mekong dan Nam Khan, serta pegunungan berhutan. Untuk mencapai puncak diperukan lebih dari 300 langkah dengan beberapa tempat peristirahatan. Di puncak gunung Phousi terfapat Wat Chomsi, kuil Budha emas yang berdiri sejak tahun 1804.', 19.89022827148437500000, 102.13698577880860000000),
(71, 'Nam Ha', '5', '152', 'Kawasan Lindung Nasional', '1', 400000, 'Nam Ha National Protected Area', 'Nam Ha National Protected Area adalah kawasan lindung nasional di Provinsi Luang Namtha di Laos utara. Taman yang sebagian besar berhutan ini adalah rumah bagi berbagai kelompok etnis dan beragam spesies hewan dan tumbuhan. Taman ini merupakan tujuan ekowisata. Jenis hutan utama taman ini adalah hutan gugur sekunder campuran termasuk hutan cemara sekunder. Di ketinggian taman yang lebih rendah, di dataran Luang Namtha, modifikasi hutan oleh manusia terlihat jelas dan habitatnya mencakup area bambu dan semak belukar.', 20.81697845458984400000, 101.25232696533203000000),
(72, 'Phú Quốc', '10', '339', 'Taman Nasional', '0', 400000, 'Phú Quốc National Park', 'Spesies hewan termasuk kera Assam, macan dahan, gaur, harimau, gajah dan spesies muntjac yang mungkin unik. Spesies katak Amolops akhaorum hanya diketahui dari taman. Dinamakan untuk orang Akha lokal yang membantu kerja lapangan tim yang menemukan spesies tersebut pada tahun 2007. Taman ini menampung beragam spesies burung: sekitar 300 spesies tercatat di sini. Beberapa spesies unik di Laos hingga Nam Ha: burung kutilang jambul, burung kicau merah berperut putih, dan tawon leher putih.', 10.28987884521484400000, 103.98401641845703000000),
(73, 'Vườn Quốc Gia U Minh Hạ', '10', '336', 'Taman Nasional', '0', 200000, 'U Minh Ha National Park', 'Taman ini memiliki luas 82,86 kilometer persegi dan didirikan pada 20 Januari 2006 untuk melindungi ekosistem lahan basah rendah di wilayah tersebut. Fauna dan flora yang terdapat di sini antara lain bakau, ular, penyu, burung, amfibi. Orang-orang yang tinggal di Hutan U Minh H memiliki pekerjaan yang berhubungan dengan hutan seperti beternak lebah, memancing, menangkap belut, dan menanam pohon buah-buahan. Mereka sangat protektif terhadap rumahnya. Penduduk hutan mengandalkan awal musim hujan agar hutan berubah menjadi tempat berkembang biak yang besar bagi ikan, sehingga mereka dapat menangkap ikan.', 9.27054119110107400000, 104.93840789794922000000),
(74, 'Cát Bà', '10', '307', 'Taman Nasional', '0', 850000, 'Cát Bà National Park', 'Taman Nasional Cát Bà berada di jantung Cagar Biosfer Kepulauan Cát Bà UNESCO dan berbagi keindahan pemandangan yang khas dari Area Teluk Ha Long, sebuah Situs Warisan Dunia UNESCO. Taman ini juga merupakan rumah bagi beragam kehidupan darat dan laut. Taman Nasional Cát Bà adalah daya tarik wisata bagi jutaan pengunjung domestik dan luar negeri. Datang ke Taman, wisatawan dapat menikmati keindahan bentang alam dan bentang laut yang luas. Pengunjung dapat memilih untuk bersantai di pantai terpencil di Teluk Lan Ha, menelusuri hutan hujan tropis purba atau hutan bakau, menemukan banyak spesies hewan dan tumbuhan yang unik, dan membenamkan diri dalam budaya lokal.', 20.71456336975097700000, 107.06575775146484000000),
(75, 'Chư Yang Sin', '10', '314', 'Taman Nasional', '0', 350000, 'Chư Yang Sin National Park', 'Taman Nasional Chư Yang Sin terletak di distrik Lak dan Krong Bong, provinsi Dak Lak, 60 km di tenggara kota Buon Ma Thuot. Taman nasional meliputi berbagai pegunungan tinggi di bagian utara pegunungan Annamit Selatan. Topografi taman ini dicirikan oleh lereng yang curam dan lembah yang sempit. Pegunungan Chư Yang Sin terdiri dari banyak puncak gunung, dimana puncak Chư Yang Sin setinggi 2.442 m adalah yang tertinggi di Dak Lak. Ini mencakup 59.667ha, dengan iklim tropis pegunungan tinggi. Topografi memiliki banyak lereng, memfasilitasi varietas hutan dengan flora dan fauna yang beragam.', 12.40583324432373000000, 108.42416381835938000000),
(76, 'Bến En', '10', '312', 'Taman Nasional', '0', 450000, 'Bến En National Park', 'Taman Nasional Bến En adalah salah satu destinasi yang wajib dikunjungi saat berwisata ke Thanh Hoa. Selama berabad-abad, Ben En tidak hanya menjadi situs penelitian ilmiah tetapi juga tujuan ekowisata yang menakjubkan di Vietnam Tengah. Bến En pertama kali didirikan sebagai taman nasional pada tahun 1992, dan kemudian diperluas hingga sekarang mencakup area seluas hampir 16.634 hektar, yang sebagian besar merupakan hutan purba dengan flora dan fauna yang sangat kaya. Itu juga menonjol dengan Sungai Muc seluas 4000 hektar. Permukaan sungai yang biru tua menciptakan pemandangan laut yang menawan', 19.61815071105957000000, 105.52905273437500000000),
(77, 'Pù Mát', '10', '309', 'Taman Nasional', '0', 400000, 'Pù Mát National Park', 'Taman Nasional Pù Mát telah menjadi situs konservasi mamalia endemik terpenting di negara itu. Lima spesies langka, termasuk primata, rusa, dan kelinci, hidup di dalam batas taman. Penghuni paling langka di Pu Mat adalah owa jambul pipi putih, yang hanya ditemukan di bagian dunia ini. Selain itu, mamalia yang terancam punah seperti harimau Indochina dan gajah India juga hidup di Pù Mát. Penghuni taman yang langka telah menarik perhatian dunia, menyebabkan para peneliti dan pengunjung berduyun-duyun ke taman untuk mengamati biosfernya yang unik. Sempurna untuk pecinta alam, Pù Mát sangat ideal untuk homestay, trekking, dan ekowisata.', 19.05758476257324200000, 104.86047363281250000000),
(78, 'Phong Nha-Kẻ Bàng', '10', '310', 'Taman Nasional', '0', 600000, 'Phong Nha - Ke Bang National Park', 'Taman Nasional Phong Nha-Ke Bang terletak di tengah Pegunungan Annamite di provinsi Quang Binh, Vietnam, dan berbatasan dengan Cagar Alam Hin Namno di Laos di sebelah barat. Properti ini terdiri dari area seluas 123.326 ha dan berisi habitat terestrial dan perairan, hutan primer dan sekunder, situs regenerasi alami, hutan tropis lebat dan sabana dan kaya akan gua-gua besar, seringkali spektakuler dan signifikan secara ilmiah. Sejumlah besar spesies fauna dan bunga terjadi di dalam properti dengan lebih dari 800 spesies vertebrata yang tercatat terdiri dari 154 mamalia, 117 reptil, 58 amfibi, 314 burung, dan 170 ikan. Properti ini jelas memiliki tingkat keanekaragaman hayati yang mengesankan di dalam tutupan hutannya yang utuh, meskipun ada beberapa kesenjangan dalam pengetahuan tentang status populasi beberapa spesies.', 17.59078216552734400000, 106.28339385986328000000),
(79, 'Núi Chúa', '10', '322', 'Taman Nasional', '0', 400000, 'Núi Chúa National Park', 'Taman Nasional Nui Chua memiliki lokasi yang dramatis di tepi Laut Timur dengan berbagai resor kelas atas. Lokasi geografisnya berada di Distrik Ninh Hai dan Thuan Bac, Provinsi Ninh Thuan, sekitar 30km dari Kota Phan Rang.', 11.68087959289550800000, 109.17505645751953000000),
(80, 'Hang Sơn Đoòng', '10', '310', 'Gua', '0', 750000, 'Hang Sơn Đoòng Cave', 'Gua Hang Son Doong mendapatkan predikat sebagai gua terekstensif secara global oleh Guinness World Records, dengan lebar 150 meter dan tinggi 200 meter, dan panjang hingga 9 kilometer. Gua Song Doong terletak di Taman Nasional Phong Nha-Ke Bang yang merupakan taman nasional terbesar di Vietnam dengan luat sekitar 1233 kilometer persegi.', 17.54693222045898400000, 106.14399719238281000000),
(81, 'Tra Su Cajuput Forest', '10', '333', 'Taman Ekologi', '0', 450000, 'Rừng Tràm Trà Sư', 'Hutan Tra Su adalah ekosistem pohon kayu putih yang melapisi jalan tanah berdebu dan rumah bagi berbagai macam burung dan satwa liar lainnya. Hutan Tra Su, juga disebut Hutan Banjir Tra Su, Hutan Mangrove Tra Su, Suaka Burung Tra Su atau Hutan Tra Su Melaleuca, Hutan Tra Su Cajuput terletak di Komune Van Giao, Distrik Tinh Bien, Provinsi An Giang, hanya sekitar 10km dari perbatasan Kamboja. Bagi mereka yang menyukai keindahan alam liar, Tra Su adalah tempat yang ideal untuk menjelajahi ekosistem khas Delta Mekong. Di musim banjir, hutan dihias dengan tampilan menarik dari karpet hijau duckweed yang menutupi seluruh area yang luas.', 10.58505153656005900000, 105.05792999267578000000),
(82, 'Ba Be', '10', '284', 'Taman Nasional', '1', 800000, 'Ba Be National Park', 'Ba Be National Park adalah cagar alam di Provinsi Bắc Kạn, wilayah timur laut Vietnam, didirikan untuk melindungi danau yang sangat keruh (Danau Ba B) bersama dengan batu kapur di sekitarnya dan hutan dataran tinggi yang tidak pernah hijau. Terletak sekitar 240 kilometer barat laut dari ibu kota Hanoi. Danau Ba Be adalah danau alami terbesar di Vietnam yang membentang sepanjang 8 kilometer dengan arah utara-selatan.', 22.36368942260742200000, 105.73511505126953000000),
(83, 'Chư Mom Ray', '10', '317', 'Taman Nasional', '1', 500000, 'Chư Mom Ray National Park', 'Taman Nasional Chư Mom Ray adalah satu-satunya taman nasional di Vietnam yang berada di perbatasan dengan dua negara lain, Laos dan Kamboja. Dengan luas lebih dari 56 ribu hektar, Taman Nasional Chư Mom Ray merupakan taman nasional dengan keanekaragaman hayati terbesar di Vietnam.Taman Nasional Chu Mom Ray memiliki hampir 1.500 spesies flora diantaranya terdapat 131 spesies flora langka termasuk anggrek, gymnospermae, dipterocarp, nageia fleuryi, podocarpus annamiensis, dalbergia cochinchinensis, dan dalbergia oliveri. Taman ini juga merupakan habitat beragam fauna diantaranya harimau, Gajah Asia, gaur, dan banteng dapat ditemukan pada taman ini. Pengunjung taman ini tidak hanya dapat merasakan kekayaan alam, namun juga dapat mengunjungi situs historikal peninggalan perang perlawanan Nasional dan merasakan budaya suku lokal yang tinggal di taman ini.', 14.66116714477539000000, 107.83885192871094000000),
(84, 'Hoàng Liên Sa Pa', '10', '292', 'Taman Nasional', '1', 750000, 'Hoàng Liên Sa Pa National Park', 'Taman Nasional Hoang Lien adalah salah satu kawasan hutan yang penting di Provinsi Lao Cai, Vietnam.Taman ini memiliki total area alami 29.845 hektar, termasuk gunung tertinggi di Vietnam, Puncak Fansipan (3.143 mdpl), yang merupakan bagian pegunungan Hoàng Liên Son. Taman ini juga dikelilingi oleh zona buffer seluas 38.724 ha. Fauna dan flora di taman sangat berlimpah dan beragam, dengan sebagian besar spesies hanya ditemukan di Hoang Lien. Pengunjung dapat mendaki gunung di taman ini dan bahkan bisa ke Puncak Fansipan dengan dipandu pemandu wisata. Ada 3 rute yang dapat pengunjung ambil, Rute Cat Cat, Rute Sin Chai, dan Rute Tram Ton dimana Rute Tram Ton adalah rute favorit dan yang paling mudah. Tidak hanya hutan, pengunjung juga dapat mengunjungi Lembah Muong Ha, tempat yang kaya budaya yang merupakan rumah bagi banyak desa dari berbagai kelompok etnis minoritas. Di sini pengunjung dapat melihat pemandangan ladang bertingkat yang indah di pegunungan tinggi serta merasakan kebudayaan penghuni lokal.', 22.33429145812988300000, 103.83898925781250000000),
(85, 'Kon Ka Kinh', '10', '316', 'Taman Nasional', '1', 600000, 'Kon Ka Kinh National Park', 'Taman Nasional Kon Ka Kinh adalah taman nasional Vietnam. Taman Nasional Kon Ka Kinh adalah zona prioritas untuk perlindungan keanekaragaman hayati di Vietnam dan ASEAN. Ini juga merupakan situs wisata biologi. Selain keanekaragaman hayati flora dan fauna di sini, Kon Ka Kinh memainkan peran penting dalam perlindungan hulu Sungai Ba dan Sungai Dak Pne, yang memasok air untuk puluhan kilometer persegi area tanaman di Provinsi Gia Lai dan Provinsi Kon Tum. Di sebelah barat taman nasional ini adalah Pembangkit Listrik Tenaga Air Yaly.', 14.31666660308837900000, 108.40000152587890000000),
(86, 'U Minh Thượng', '10', '339', 'Taman Nasional', '1', 350000, 'U Minh Thượng National Park', 'Terletak di distrik An Minh dan Vinh Thuan, Provinsi Kien Giang dan sekitar 365km barat daya Kota Ho Chi Minh, Taman Nasional U Minh Thuong diakui sebagai salah satu dari tiga situs prioritas tertinggi untuk konservasi lahan basah di Delta Mekong. Salah satu karakteristik menonjol yang akan sangat mengesankan Anda adalah bahwa Taman Nasional U Minh Thuong terletak di area lahan basah air tawar, yang terdiri dari hutan rawa gambut, dan padang rumput yang tergenang musiman. Zona inti Taman Nasional U Minh Thuong dikelilingi oleh kanal perimeter dan sistem tanggul, dengan serangkaian gerbang, yang digunakan untuk mengatur ketinggian air.', 9.63111209869384800000, 105.10250854492188000000),
(87, 'Bái Tử Long', '10', '289', 'Taman Nasional', '1', 650000, 'Bái Tử Long National Park', 'Taman Nasional Bai Tu Long milik Bai Tu Long Bay, Distrik Van Don, sekitar 200km timur dari Hanoi. Pada tanggal 5 Mei 2017 Taman Nasional Bai Tu Long (Quang Ninh) baru-baru ini diakui sebagai Taman Warisan ASEAN. TN Bai Tu Long unik di taman nasional Vietnam dan juga dunia ketika memiliki tiga ekosistem khas: ekosistem pegunungan; gunung dan gua batu kapur; laut. Taman nasional ini adalah rumah bagi hampir 500 spesies tumbuhan milik 117 famili, termasuk banyak tumbuhan langka dan berharga. Selain tumbuhan yang melimpah, Taman Nasional Bai Tu Long juga merupakan koleksi hewan langka Vietnam dengan 37 jenis burung.', 20.92577934265136700000, 107.25482177734375000000),
(88, 'Bidoup Núi Bà', '10', '318', 'Taman Nasional', '1', 450000, 'Bidoup Núi Bà National Park', 'Taman Nasional Bidoup Núi Bà, dinamakan dari dua puncak tertinggi di dataran tinggi Langbiang,Bidoup dan Nui, merupakan salah satu cagar alam terbesar di Vietnam dengan luas sekitar 70.038 hektar. Taman ini merupakan habitat dari 2.000 spesies flora dan 60 spesies fauna. Di antara ribuan spesies flora,91 spesies hanya ada di Lam Dong dan daerah sekitarnya. Selain itu ada hampir 250 spesies anggrek ada di taman ini, sehingga taman ini juga dijuluki \"Kerajaan Anggrek\".Jika beruntung, Pengunjung yang mendaki gunung memungkinkan untuk menemukan spesies hewan langka seperti beruang hitam, katak terbang vampir, atau siamang berpipi kuning. Taman ini juga merupakan habitat spesies banteng raksasa yang khas Pengunjung juga dapat berkunjung ke Air Terjun Thien Thai yang menakjubkan. Aliran deras pada  lembah menciptakan pemandangan holistik yang melampaui imajinasi Anda, sehingga menjelaskan reputasinya sebagai Kerajaan Para Dewa.', 12.13367843627929700000, 108.53352355957031000000),
(89, 'Vu Quang', '10', '308', 'Taman Nasional', '1', 500000, 'Vu Quang National Park', 'Taman Nasional Vũ Quang adalah sebuah taman nasional di Distrik Vũ Quang, Provinsi Hà Tĩnh, Pantai Tengah Utara, Vietnam. Taman ini memiliki keanekaragaman hayati. Saola dan Giant muntjac adalah spesies yang ditemukan di taman ini. Vũ Quang adalah kawasan hutan terpencil di Vietnam, di mana beberapa spesies baru rusa dan kijang telah ditemukan sejak tahun 1990-an. Beberapa sangat baru sehingga deskripsi ilmiahnya masih tertunda, meskipun sebagian besar memiliki nama lokal.', 18.36206626892090000000, 105.47125244140625000000),
(90, 'Lò Gò-Xa Mát', '10', '331', 'Taman Nasional', '1', 350000, 'Lò Gò-Xa Mát National Park', 'Taman Nasional Lò Gò-Xa Mát adalah sebuah taman nasional di wilayah Tenggara Vietnam, sekitar 30 kilometer (19 mi) dari kota Tây Ninh. Itu didirikan dengan meningkatkan status bekas Cagar Alam Lò Gò-Xa Mát. Sebuah mosaik flora Vietnam, Taman Nasional Lò Gò-Xa Mát memiliki hutan semi-gugur, gugur, hijau sepanjang tahun, dan bakau. Di antara pepohonan, ada juga daerah rawa dataran rendah yang ditemukan di dalam taman. Berkembang dan beraneka ragam, Lò Gò-Xa Mát telah menjadi habitat penting bagi spesies burung yang terancam punah.', 11.60076236724853500000, 105.89949798583984000000),
(91, 'Ngọc Linh', '10', '317', 'Cagar Alam', '1', 400000, 'Ngọc Linh Nature Reserve', 'Cagar Alam Nogc Linh atau sering dijuluki \"Atap Vietnam Selatan\" terletak di pegunungan tertinggi kedua di Vietnam (2.598 mdpl) di antara dua provinsi, Kon Tum dan Quang Nam. Cagar alam ini terletak jauh dari kota dimana cocok bagi pengunjung yang ingin mencari suasana baru dan segar sembari menikmati keindahan alam. Cagar alam ini merupakan habitat berbagai macam flora dan fauna dimana sebagian besar merupakan endemik di Vietnam, termasuk Pinus Dalatensis, Ngoc Linh Ginseng, burung jenis golden-winged laughingthrush, primata Douc bertulang kering abu-abu, siamang berpipi kuning, kelinci belang annam, Kijang raksasa Vietnam, dan Kijang Vietnam kecil yang hampir punah.', 15.06343650817871100000, 107.91763305664062000000),
(92, 'Central Catchment', '8', '201', 'Cagar Alam', '0', 250000, 'Central Catchment Water Reserve', 'Central Catchment Nature Reserve adalah cagar alam terbesar di Singapura, menempati 2880 hektar. Membentuk paru-paru hijau besar di pusat geografis kota, tempat ini menampung beberapa tempat rekreasi, termasuk Kebun Binatang Singapura, Safari Malam dan Safari Sungai, serta beberapa fasilitas baru yang dibangun untuk mendorong apresiasi publik terhadap cagar alam, seperti HSBC TreeTop Walk. Cagar alam ini berada di dalam batas-batas Daerah Aliran Sungai Tengah. Ini adalah salah satu dari empat cagar alam yang ditetapkan di Singapura. Tiga lainnya adalah Cagar Alam Labrador yang dikukuhkan sejak 1 Januari 2002, Cagar Alam Sungei Buloh, dan Cagar Alam Bukit Timah. Keempat cagar alam bersama dengan taman dilindungi di bawah Parks & Trees Act 2005.Cagar alam tersebut berfungsi sebagai daerah tangkapan air bagi waduk-waduk di sekitarnya. Reservoir utama negara - MacRitchie, Upper Seletar, Upper Pierce dan Lower Peirce terletak di dalam cadangan.', 1.35515260696411130000, 103.79720306396484000000),
(93, 'East Coast', '8', '204', 'Taman', '0', 300000, 'East Coast Park', 'East Coast Park adalah salah satu tempat liburan perkotaan paling berharga di Singapura, menawarkan beragam kegiatan rekreasi, olahraga, dan bersantap yang menarik. Dengan tema “Rekreasi untuk Semua”, taman ini memiliki aktivitas untuk semua orang.Keluarga dan teman-teman dapat duduk santai, bersantai dan menikmati piknik di bawah pohon kelapa yang bergoyang, Casuarinas dan Ketapang di taman. Untuk keluarga yang mencari hari yang menyenangkan, pergilah ke menara bermain, area bermain air, taman bermain alam, dan ayunan melintasi taman. Bagi mereka yang mencari aksi, ada berbagai kegiatan olahraga seperti voli pantai, bersepeda, ski kabel dan berbagai olahraga air serta Xtreme SkatePark. Di malam hari, nikmati barbekyu atau nikmati masakan mewah di pusat jajanan terdekat atau restoran sambil menikmati angin laut yang sejuk. East Coast Park memiliki luas lahan total 185 hektar, dan garis pantai indah yang membentang lebih dari 15 km, dan menarik lebih dari tujuh juta pengunjung setiap tahun.', 1.30078423023223880000, 103.91218566894531000000),
(94, 'Mount Faber', '8', '201', 'Taman', '0', 400000, 'Mount Faber Park', 'Mount Faber merupakan salah satu tujuan wisata di Singapura yang sering dikunjungi oleh para  para turis lokal maupun mancanegara. Bukit setinggi 105 meter ini menawarkan suasana alam yang indah, karena sebagian besar objek wisata Mount Faber ditutupi oleh hutan hujan sekunder. Vegetasi di lereng dimanfaatkan untuk membantu menstabilkan medan selain mempercantik taman. Dahulu Mount Faber dikenal dengan nama Telok Blangah Hill. Tetapi, nama itu diganti pada bulan Juli 1845 untuk menghormati Kapten Charles Edward Faber. Ia telah berjasa mendirikan pemancar sinyal  dengan membangun jalan sempit yang berliku. Kemudian pada tahun 2005, stasiun kereta gantung di puncak Mount Faber berubah menjadi tempat wisata “Faber Peak”. Dari sinilah kamu bisa melihat panorama indah kota Singapura.', 1.27187418937683100000, 103.81921386718750000000),
(95, 'Singapore', '8', '201', 'Kebun Raya', '0', 600000, 'Singapore Botanic Garden', 'Singapore Botanic Gardens adalah taman tropis berusia 163 tahun yang terletak di pinggiran distrik perbelanjaan Orchard Road di Singapura. Ini adalah salah satu dari tiga taman, dan satu-satunya taman tropis, yang dihormati sebagai Situs Warisan Dunia UNESCO. The Botanic Gardens telah mendapat peringkat sebagai objek wisata taman terbaik di Asia sejak 2013, oleh TripAdvisor Travellers Choice Awards. Itu dinyatakan sebagai Taman Tahun Ini, Penghargaan Pariwisata Taman Internasional pada tahun 2012, dan menerima peringkat bintang tiga Michelin pada tahun 2008.Kebun Raya didirikan di lokasinya yang sekarang pada tahun 1859 oleh masyarakat pertanian-hortikultura. Ini memainkan peran penting dalam booming perdagangan karet di kawasan itu pada awal abad kedua puluh, ketika direktur ilmiah pertama Henry Nicholas Ridley, memimpin penelitian budidaya tanaman.', 1.27892267704010000000, 103.85361480712890000000),
(96, 'The Southern Ridges', '8', '201', 'Taman', '0', 350000, 'The Southern Ridges', 'Pegunungan Selatan adalah taman hijau terbuka seluas 9 kilometer yang berada di Singapura yang menghubungkan Taman Puncak Faber, Taman Bukit Telok Blangah, dan Taman Gunung Kent. Daerah ini adalah rumah bagi tanaman dan hewan serta memiliki sejumlah spesies capung. Fitur yang paling mencolok adalah tempat berjalan treetop-level yang menyeberangi hutan lebat, dan setinggi 120 meter dari atas tanah. Jembatan ini sama sekali tidak mengganggu tata letak alami atau tatanan dari hutan tersebut, bahkan, proyek ini dibangun dengan tujuan agar dapat hidup berdampingan secara damai dengan vegetasi dan hewan yang ada di dalamnya.Pengunjung dapat berjalan di sepanjang jalan dan menikmati hutan yang subur.', 1.27901995182037350000, 103.80949401855469000000),
(97, 'MacRitchie', '8', '201', 'Waduk', '0', 300000, 'MacRitchie Reservoir', 'MacRitchie Reservoir adalah reservoir tertua di Singapura.Waduk ini selesai dibangun pada tahun 1868 dengan menahan air dari tanggul tanah, dan kemudian dikenal sebagai Waduk Penampungan atau Waduk Thomson. Lebih dari satu kilometer persegi hutan primer masih berdiri di Cagar Alam Central Catchment saat ini, khususnya di sekitar Waduk MacRitchie. Pepohonan hutan, sisa-sisa perkebunan dari abad ke-20, masih dapat dilihat di sepanjang pinggiran Waduk MacRitchie.Ada jalan setapak kayu yang mengitari tepi Waduk MacRitchie yang indah dan jalan setapak melalui hutan. Jaraknya berkisar dari 3 km hingga 11 km. Papan tanda interpretatif di sepanjang trotoar memungkinkan tur mandiri di sepanjang pinggiran hutan MacRitchie.Jalan kayu di sekeliling Waduk MacRitchie membawa pengunjung melewati hutan sekunder yang menarik di kawasan Cagar Alam Central Catchment.', 1.34476208686828610000, 103.82234954833984000000),
(98, 'Labrador', '8', '205', 'Cagar Alam', '0', 300000, 'Labrador Nature Reserve', 'Cagar Alam Labrador, terletak di bagian selatan daratan Singapura. Ini adalah rumah bagi satu-satunya tebing laut berbatu di daratan yang dapat diakses oleh publik. Sejak tahun 2002, 10 hektar vegetasi tipe sekunder pesisir dan pantai berbatunya telah ditetapkan sebagai cagar alam dan flora dan faunanya dilestarikan oleh NParks. Lebih dari 70 jenis burung, termasuk burung beo gantung mahkota biru, pelatuk rufous, dan ocehan Abbott, telah terlihat di sini. Lebih dari 11 spesies kupu-kupu telah dicatat. Selain itu, pantai berbatu berisi banyak karang dan kepiting dan banyak lagi. Ini termasuk rumput laut, cacing pasir dan kepiting tapal kuda. Kepiting berbulu umum (Pilumnus vespertilio) sering terlihat di daerah tersebut.', 1.26400566101074220000, 103.80410766601562000000),
(99, 'Kranji', '8', '205', 'Rawa', '0', 250000, 'Kranji Marshes', 'Rawa Kranji, rawa air tawar seluas 56,8 hektar yang merupakan rumah bagi keanekaragaman hayati yang unik. Terletak di sepanjang pantai barat laut Waduk Kranji, ini adalah salah satu rawa air tawar terbesar di Singapura.Rawa Kranji adalah rumah bagi beragam flora dan fauna, termasuk lebih dari 170 spesies burung, 54 spesies kupu-kupu, dan 33 spesies capung. Bersama dengan Suaka Margasatwa Sungei Buloh, ia menyediakan habitat penting di kawasan Kranji untuk konservasi keanekaragaman hayati, terutama burung rawa. Dengan berbagai habitat alami seperti rawa air tawar, hutan dan habitat rumput, Rawa Kranji adalah tempat yang tepat bagi pengunjung untuk mengamati dan menikmati alam.', 1.42138099670410160000, 103.74752044677734000000),
(100, 'Lower Seletar', '8', '203', 'Waduk', '0', 300000, 'Lower Seletar Reservoir Park', 'Waduk Seletar Bawah adalah waduk yang terletak di bagian utara Singapura, di sebelah timur Kota Baru Yishun. Waduk ini memiliki luas permukaan 3,6 km², dan kapasitas 9,5 juta m³. Kedalaman reservoir rata-rata adalah 2 m, dengan kedalaman maksimum 5,5 m. Panjang garis pantai adalah 14,3 km.Terletak di pantai utara Waduk Seletar Bawah, Taman Waduk Seletar Bawah sebagian besar datar dengan beberapa medan bergelombang yang menyediakan tempat yang menyenangkan untuk berjalan-jalan santai atau jogging. Anda dapat menemukan bangku di sepanjang tepi waduk jika Anda lebih suka duduk dan menikmati pemandangan waduk yang indah. Taman seluas 3 ha ini dilengkapi dengan dermaga, shelter, toilet, dan jogging 1,3 km. melacak. Kegiatan luar ruangan yang populer di taman termasuk joging, mengamati burung, dan memancing. Kegiatan olahraga air yang disediakan oleh outlet Water-Venture Asosiasi Rakyat dapat diikuti oleh semua orang.', 1.40507781505584720000, 103.84336090087890000000),
(101, 'Windsor', '8', '201', 'Taman Alam', '0', 250000, 'Windsor Nature Park', 'Windsor Nature Park adalah taman alam di Singapura. Dibuka pada 22 April 2017. Taman ini membentuk zona penyangga hijau antara Cagar Alam Central Catchment dan daerah perkotaan Singapura. Taman ini memiliki tiga jalur pendakian dan jalan setapak berkanopi.Beberapa spesies burung hidup di Taman Alam Windsor, termasuk drongo ekor raket yang lebih besar. Mamalia yang tinggal di taman termasuk trenggiling Sunda yang terancam punah. Sekelompok monyet lutung berpita Raffles juga tinggal di taman.', 1.35208296775817870000, 103.81983947753906000000),
(102, 'Sungei Buloh', '8', '205', 'Cadangan Lahan Basah', '1', 300000, 'Sungei Buloh Wetland Reserve', 'Sungei Buloh pertama kali dibuka sebagai Taman Alam pada tahun 1993. Pada tahun 2002, 130 hektar secara resmi ditetapkan sebagai Cagar Alam dan berganti nama menjadi Cagar Alam Sungei Buloh untuk lebih mencerminkan statusnya. Pada tahun yang sama, kawasan ini diakui sebagai situs penting internasional bagi burung-burung yang bermigrasi dan dianugerahi sertifikat oleh Wetlands International, menandai masuknya cagar alam tersebut ke dalam Jaringan Situs Burung Pantai Australasia Asia Timur, yang meliputi Taman Nasional Kakadu Australia, Mai Po China – Inner Deep Bay dan Yatsu Tidal Flats Jepang. Dan pada tahun 2003, Cagar Alam Sungei Buloh Wetland menjadi Taman Warisan ASEAN pertama di Singapura. Sejak itu Sungei Buloh telah berkembang hingga mencakup 202ha hutan bakau, dataran lumpur, kolam dan hutan, menyediakan perlindungan yang lebih besar bagi flora dan fauna yang menyebutnya sebagai rumah. ', 1.44799864292144780000, 103.72454071044922000000),
(103, 'Bukit Timah', '8', '203', 'Cagar Alam', '1', 300000, 'Bukit Timah Nature Reserve', 'Bukit Timah, juga dikenal sebagai District 11, ialah salah satu daerah resmi dalam pulau negara kota Singapura. Bukit Timah juga tempat yang menempatkan banyak tanah milik yang mahal seperti kondominium. Banyak ekspatriat tinggal di daerah ini. Lalu daerah ini diperluas dan Upper Bukit Timah terbentuk. Keret api Tanah Melayu dari Malaysia memiliki stasiun putaran di sini sepanjang jaringan relnya dari Johor Bahru ke Tanjong Pagar. Bukit Timah juga adalah nama sebuah bukit di Singapura. Dengan ketinggian 164 meter merupakan titik tertinggi di Singapura.', 1.32941126823425300000, 103.80207824707031000000),
(104, 'Botum Sakor', '4', '129', 'Taman Nasional', '0', 150000, 'Botum Sakor National Park', 'Taman Nasional Botum Sakor adalah taman nasional terbesar di Kamboja. Terletak di pantai Teluk Thailand, Botum Sakor (atau Botumsakor) adalah semenanjung yang menonjol ke barat daya dari Pegunungan Cardamom. Taman nasional ini memiliki luas 1.825,85 km2 dan mencakup tiga distrik di Provinsi Koh Kong: Kiri Sakor, Botum Sakor dan Koh Kong. Taman ini berada di bawah administrasi Kementerian Lingkungan Kamboja. Sebagian besar wilayah Botum Sakor terdiri dari dataran rendah yang landai, ditutupi oleh hutan hijau dan padang rumput, muncul di dataran banjir pesisir dengan hutan bakau dan rawa. Iklim dicirikan oleh monsun tropis dan daerah ini memiliki dua kali pasang tinggi per hari, dengan kisaran sekitar 1,5 m. Populasi manusia di Taman Nasional Botum Sakor tidak diketahui. Taman nasional Botum Sakor memiliki satwa liar yang sangat kaya dan beragam yang unik di dunia.', 11.18830490112304700000, 103.46852111816406000000),
(105, 'Phnom Samkos', '4', '135', 'Suaka Margasatwa', '0', 150000, 'Phnom Samkos Wildlife Sanctuary', 'Suaka Margasatwa Phnom Samkos adalah suaka margasatwa di Kamboja barat, berbatasan dengan Thailand. Tempat kudus ini didirikan pada tahun 1994 dan mencakup 3.307,56 km2. Itu juga ditetapkan sebagai Kawasan Burung Penting (IBA). Suaka Margasatwa Phnom Samkos terletak di Pegunungan Cardamom dan sebagian besar wilayahnya terdiri dari pegunungan berhutan, tetapi dengan banyak habitat dan tipe hutan yang berbeda, dan lanskapnya didominasi oleh tiga puncak yang berbeda. : Phnom Samkos (1.717 m) dan puncak tertinggi kedua Kamboja), Phnom Khmaoch (1.496 m), dan Phnom Tumpor (1.250 m). Cagar alam ini terkenal karena keragaman habitatnya yang besar, termasuk beberapa jenis hutan. Bagian dalam cagar alam sebagian besar belum dijelajahi oleh para ilmuwan, tetapi survei skala kecil menunjukkan bahwa ada banyak spesies langka, unik, dan bahkan endemik. Ada keragaman primata dan monyet yang kaya.', 12.14686203002929700000, 103.03281402587890000000),
(106, 'Cardamom', '4', '135', 'Taman Nasional', '0', 350000, 'Cardamom National Park', 'Sebuah nama yang membangkitkan gambaran mengenai bukit hijau yang bersemangat dilapisi oleh kabut, penuh oleh satwa liar yang berkeliaran di hutan merona. Itu tidak begitu jauh dari kenyataan; Taman Nasional Cardamom dan pegunungan disekitarnya memiliki hutan hujan terbesar yang masih hidup di kawasan Asia Tenggara, luas, hutan belantara yang beragam dan masih belum dijelajahi. Banyak orang membayangkan bahwa Pegunungan Cardamom didami oleh hantu dari Khmer Merah yang meninggalkan hutan ini sekitar dua dekade yang lalu. Dalam kedamaian yang tidak mudah setelah Perang Saudara Kamboja, Pegunungan Cardamom mengalami penebangan liar, perburuan liar, dan pembakaran untuk lahan pertanian bagi orang yang bejuang menemukan jalan di era pasca-konflik. Daerah yang masih bertahan setelah masa itu menjadikan salah satu dari hamparan hutan belantara yang masih asli di Asia Tenggara.', 11.98480033874511700000, 103.41979217529297000000),
(107, 'Stueng Kep Waterfall', '4', '129', 'Taman Nasional', '0', 200000, 'Stueng Kep Waterfall National Park', 'Taman Nasional Kep adalah taman nasional di Provinsi Kep Kamboja yang didirikan pada tahun 1993 dan meliputi area seluas 66,64 km2. Kota terdekat terletak di Kep. Taman ini mencakup pegunungan kecil dengan trek dan jalan setapak yang populer di kalangan wisatawan. Jalur ini menawarkan pemandangan Phu Quoc dan Bokor Ranges yang luar biasa di sisi selatan dan barat, dan pemandangan melintasi pulau-pulau cagar alam laut Vietnam yang luas di Kiên Giang hingga sisi timur.', 11.61537933349609400000, 102.98368835449219000000),
(108, 'Kirirom', '4', '125', 'Taman Nasional', '0', 200000, 'Kirirom National Park', 'Taman Nasional Kirirom, secara resmi Taman Nasional Preah Suramarit-Kossamak Kirirom, adalah sebuah taman nasional di Kamboja. Sebagian besar terletak di Distrik Phnom Sruoch, Provinsi Kampong Speu, sementara bagian yang lebih kecil terletak di Provinsi Koh Kong yang berdekatan. Arti nama Kirirom adalah: \"Gunung Bahagia\". Nama ini diberikan kepada daerah tersebut oleh Raja Monivong pada tahun 1930-an. Nama kuno tempat itu adalah Phnom Vorvong Sorvong karena dua bukit utama di sana terhubung dengan legenda populer Kamboja tentang dua saudara lelaki pangeran yang heroik, Vorvong dan Sorvong. Taman ini membentang di bagian timur Pegunungan Cardamom. Terletak 112 km dari Phnom Penh dari National Highway 4 di jalan menuju Sihanoukville.Terletak di 675m di atas permukaan laut, Kirirom adalah taman nasional pertama yang ditunjuk secara resmi di Kamboja.Ini berisi banyak jalan setapak melalui hutan dengan sejumlah danau kecil dan air terjun dan pernah digunakan sebagai tempat perlindungan oleh Khmer Merah', 11.32140254974365200000, 104.05367279052734000000),
(109, 'Pongrul Waterfall', '4', '129', 'Taman Nasional', '0', 100000, 'Pongrul Waterfall National Park', 'Air Terjun Stueng PongRul atau sering disebut Air Terjun PongRul terletak di Komune Dong Pek, Distrik Sre Ambel, Provinsi Koh Kong dan berjarak sekitar 154km dari Kaoh Kong Circle. Air Terjun Stueng PongRul masuk dalam kategori Air Terjun Gunung. Hal yang dapat dilakukan, serta atraksi Air Terjun Stueng PongRul bagi wisatawan seperti berenang, piknik, hiking, trekking dan banyak lagi. Untuk perjalanan menuju lokasi Air Terjun Stueng PongRul sangatlah mudah karena tidak perlu berjalan kaki dan menyeberangi sungai atau naik perahu. Untuk parkir, wisatawan bisa parkir langsung di lokasi. Untuk tempat duduk bersantai, Air Terjun Stueng PongRul memiliki area tempat duduk untuk wisatawan, dan ada juga yang memesan makanan langsung dari sana. Selain itu Air Terjun Stueng PongRul memiliki tempat pemesanan makanan atau food station namun untuk kantin dan resto tidak ada. Air Terjun Stueng PongRul belum tersedia seperti bungalow, wisma dan hotel', 11.23482704162597700000, 103.82384490966797000000),
(110, 'Anlong Thom Waterfall', '4', '127', 'Hutan Nasional', '0', 100000, 'Anlong Thom Waterfall National Park', 'Air Terjun Anlong Thom atau yang sering disebut dengan Air Terjun Prek Thnot, Air Terjun Anlong Thom Prek Thnot, Anlong Thom Rapids atau Air Terjun Anlong Khiev terletak di desa Prek Kreang, komune Prek Thnout, distrik Tek Chhou, provinsi Kampot dan berjarak sekitar 32km dari Bundaran Durian.Air Terjun Anlong Thom masuk dalam kategori Air Terjun, Situs Wisata Alam. Hal-hal yang dapat dilakukan, serta atraksi Air Terjun Anlong Thom bagi wisatawan seperti Berenang, Melihat pemandangan gunung, Makanan, Piknik, Melihat lokasi pertanian, Trekking dan banyak lagi.Untuk perjalanan menuju lokasi Air Terjun Anlong Thom sangatlah mudah karena tidak perlu berjalan kaki dan menyeberangi sungai atau naik perahu. Untuk parkir, wisatawan bisa parkir langsung di lokasi.Untuk area tempat duduk bersantai, Air Terjun Anlong Thom memiliki area tempat duduk untuk wisatawan, dan ada juga yang memesan makanan langsung dari sana.Untuk akomodasi, Air Terjun Anlong Thom belum tersedia seperti bungalow, wisma, dan hotel.', 10.61425018310546900000, 103.95621490478516000000),
(111, 'Phnom Chas', '4', '125', 'Taman Nasional', '0', 400000, 'Phnom Chas National Park', 'Phnom Chas adalah situs arkeologi di komune Ang Sanom, distrik Aoral, provinsi Kampong Speu di Kamboja, Asia Tenggara. Phnom Chas dalam bahasa Indonesia artinya Gunung tua. Warga lokal percaya Phnom Chas adalah tempat untuk pemimpin / komandan klan Souy bersembunyi dari musuh dengan orang-orang Souy yang tinggal di sekitar gunung di masa lalu. Sekarang Phnom Chas menjadi situs ekowisata dan situs arkeologi yang merupakan tempat mereka merayakan hari besar di Tahun Baru Khmer.Pemandu wisata lokal akan memandu wisatawan ke setiap gua, untuk melihat patung pemimpin Souy dan banyak lagi tempat di pegunungan. Saat sampai di puncak gunung, pengunjung akan disambut pemandangan yang asri dengan udara yang segar. Ini adalah tempat yang bagus untuk menikmati matahari terbenam dan matahari terbit di Kamboja. .', 11.46504592895507800000, 104.50727081298828000000),
(112, 'Lumphat', '4', '136', 'Suaka Margasatwa', '0', 150000, 'Lumphat Wildlife Sanctuary', 'Suaka Margasatwa Lomphat adalah kawasan lindung seluas 2.514,68 km2 di Kamboja timur yang didirikan pada tahun 1993. Hutannya lebat dan membentang di provinsi Ratanakiri, Mondulkiri, dan Kratie. Ini adalah rumah bagi berbagai satwa liar yang terancam punah seperti banteng, harimau, gaur, dhole dan beruang madu, serta macan tutul, rusa tua, rusa sambar, muntjac dan babi hutan. Selain itu, sejumlah burung langka hadir: survei telah mengkonfirmasi keberadaan merak hijau, bangau ajudan yang lebih besar dan lebih kecil, bangau sarus, rangkong pied oriental, ibis raksasa, ibis bahu putih, bangau susu dan berleher wol, dan burung nasar sp. (paruh ramping dan berleher putih), yang semakin langka di sebagian besar Asia Selatan dan Tenggara.', 13.36945724487304700000, 107.05393981933594000000),
(113, 'Ream', '4', '138', 'Taman Nasional', '0', 350000, 'Ream National Park', 'Taman Nasional Ream, secara resmi Taman Nasional Preah Sihanouk Ream, adalah taman nasional Kamboja yang terletak 18 km dari kota Sihanoukville di Kotamadya Sihanoukville di Provinsi Sihanoukville di barat daya Kamboja. Didirikan pada tahun 1993, ketika pemerintah Kamboja mulai mengambil tindakan untuk melindungi sumber daya alam negara yang terancam. Nilai biologis taman nasional ditentukan oleh kombinasi sungai, hutan, hutan bakau, muara, pantai, terumbu karang, satwa liar, dan kehidupan laut. Satwa liar yang ditemukan atau dilaporkan di taman nasional termasuk, tetapi tidak terbatas pada: kera rhesus, duyung, penyu, lumba-lumba, kancil, bangau Sarus, dan pelikan.', 10.53287696838378900000, 103.69416809082031000000),
(114, 'Preah Monivong', '4', '127', 'Taman Nasional', '1', 550000, 'Preah Monivong National Park (Bokor)', 'Taman Nasional Preah Monivong Bokor adalah sebuah taman nasional di selatan Provinsi Kampot Kamboja yang didirikan pada tahun 1993 dan mencakup 1.423,17 km2. Ini ditetapkan sebagai Taman Warisan ASEAN. Terletak di Pegunungan Dâmrei, membentuk bagian tenggara Pegunungan Cardamom. Sebagian besar taman berada sekitar 1.000 meter di atas permukaan laut dan puncak tertinggi adalah Phnom Bokor pada ketinggian 1.081 meter, juga disebut sebagai Gunung Bokor. Taman Nasional Preah Monivong terkenal dengan Stasiun Bukit Bokor yang ditinggalkan, sebuah pemukiman terpencil yang dibangun oleh penjajah Prancis pada tahun 1921. Mereka juga membangun sebuah gereja Katolik di dekatnya pada tahun 1928, pemandangan yang sangat langka di Kamboja. Taman ini dinamai Raja Sisowath Monivong yang biasa mengunjungi daerah tersebut dan akhirnya meninggal di sini pada tahun 1941. Monivong memerintahkan pembangunan sebuah kuil Buddha di daerah tersebut pada tahun 1924.', 10.64222240447998000000, 104.02737426757812000000);
INSERT INTO `destination` (`destinationId`, `destinationName`, `destinationCountry`, `destinationLocation`, `destinationType`, `destinationHeritagePark`, `destinationPrice`, `destinationOtherName`, `destinationDescription`, `destinationLat`, `destinationLong`) VALUES
(115, 'Virachey', '4', '136', 'Taman Nasional', '1', 350000, 'Virachey National Park', 'Taman Nasional Virachey didirikan pada tahun 2004 oleh Kementerian Lingkungan Hidup (KLH). Dengan luas 3,325 kilometer persegi, Taman Nasional Virachey adalah Taman Nasional terbesar di antara tujuh Taman Nasional lainnya di Kamboja. Ini menawarkan wawasan yang luar biasa tentang keragaman hutan belantara dan margasatwa Kamboja yang masih ada. Pengunjung dapat melakukan perjalanan trekking berpemandu selama beberapa hari melalui Taman termasuk berkemah di luar ruangan di malam hari. Taman Nasional Irachey terletak di provinsi Rattanak kiri dan Stung Treng. Ini berbagi perbatasan dengan Laos dan Vietnam. Banlung, ibu kota provinsi Rattanak kiri, dapat dicapai dengan bus dari Phnom Penh. Ini membutuhkan waktu sekitar 12 jam. Taman Nasional Virachey berjarak 50 km dari Banlung. Selama musim kemarau dibutuhkan sekitar 1 jam untuk sampai ke sana dengan mobil atau 1 jam untuk sampai ke sana dengan sepeda motor. Selama musim hujan perjalanan memakan waktu sekitar 4 sampai 5 jam karena kondisi jalan.', 14.18853187561035200000, 106.86503601074219000000),
(116, 'Kyetpaung', '7', '190', 'Cagar Alam', '2', 100000, 'Kyetpaung Reserved Forest', '-', 20.10408210754394500000, 93.58126831054688000000),
(117, 'Hlawga', '7', '194', 'Taman Nasional', '0', 150000, 'Hlawga National Park', 'Pada tahun 1955, kementerian kehutanan mengusulkan untuk mendirikan sebuah cagar alam untuk melindungi daerah sekitar danau Hlawga sebagai simbol Dewan Buddhis Keenam (Chaṭṭha ​​Saṅgāyana). Taman ini didirikan dengan pendanaan bersama oleh UNDP dan pemerintah sesuai dengan proyek konservasi alam dan taman alam dari 1981-1982. Dibuka pada tanggal 30 September 1989. Area saat ini adalah daerah tangkapan air sebelum ditetapkan sebagai taman Hlawga. Bahkan, air di danau Kantharyar di taman memperkuat sepanjang kanal melalui danau Hlawga besar selama musim hujan.', 16.99850463867187500000, 96.07618713378906000000),
(118, 'Phawngpui', '7', '182', 'Taman Nasional', '0', 500000, 'Phawngpui National Park', 'Taman Nasional Gunung Biru Phawngpui atau hanya Taman Nasional Phawngpui adalah hutan konservasi yang indah di Mizoram yang menampung beberapa hewan dan burung langka, yang menghiasi hutan tropis. Taman yang menghadap ke sungai dan pegunungan semakin menambah keindahan dan daya tarik alamnya. Ini juga menampung beberapa spesies burung dan hewan seperti beruang hitam Asia dan elang hitam. Iklim yang menyenangkan memungkinkan wisatawan untuk benar-benar menikmati ketenangan taman dan apa yang ditawarkannya. Apa yang memberi taman ini tempat wajib dalam rencana perjalanan Anda adalah bahwa ini adalah pendakian utama bagi para trekker, pejalan kaki, dan pencari petualangan mengingat ukurannya yang cukup besar. Insentif dari pendakian panjang adalah keindahan pemandangan taman, juga kesempatan untuk melihat hewan langka, burung, dan tanaman di jalan setapak. Blue Mountain membuat pemandangan yang indah dan menakjubkan yang harus dilihat untuk dipercaya.', 22.73333358764648400000, 93.13333129882812000000),
(119, 'Sitsayan', '7', '180', 'Hutan Nasional', '2', 50000, 'Sitsayan Reserved Forest', '-', 17.03421211242675800000, 95.22666931152344000000),
(120, 'Emerald Heart', '7', '193', 'Taman Nasional', '0', 650000, 'Cock Comb Island', 'Diakui oleh wisatawan sebagai salah satu pulau terindah di Myanmar, pulau ini adalah tempat yang wajib Anda kunjungi. Pulau ini disebut \"Emerald Heart Island\" dari laguna kuno berwarna zamrud yang terletak tepat di tengah pulau, terletak di tengah gunung. Laguna menyerupai bentuk hati dan air di laguna berkilau saat matahari bersinar di permukaannya. Anda harus melewati gua untuk mencapai pintu masuk pulau. Saat Anda mencapai pulau, Anda akan dibuat terpana oleh air sebening kristal dan pasir putih yang lembut. Tempat ini sempurna untuk snorkeling yang menyenangkan bersama keluarga atau teman karena ada banyak kehidupan laut yang hidup di laut. Anda juga dapat mengamati terumbu karang langka yang hidup dan berwarna-warni yang menghiasi dasar laut. Terkagum-kagum dengan pesona tak berujung yang ditawarkan pulau muda dan tak tersentuh ini.', 12.08963298797607400000, 99.01151275634766000000),
(121, 'Lenya', '7', '193', 'Taman Nasional', '0', 100000, 'Lenya National Park', 'Taman Nasional Lenya adalah sebuah taman nasional yang terletak di Perbukitan Tenasserim, Burma di daerah perbatasan dengan Thailand, berbatasan dengan Taman Nasional Namtok Huai Yang. Taman ini terdiri dari 176.638 hektar hutan tropis dataran rendah. Tujuan utama dari taman nasional adalah pemeliharaan sumber daya alam. Demarkasinya tentu saja. Itu diatur oleh Departemen Kehutanan Burma dan tingkat perlindungannya sebagian, untuk penebangan dan hutan tanaman diperbolehkan. Ketinggian di dalam taman berkisar antara 10 hingga 855 m. Pitta Gurney yang terancam punah, endemik Thailand dan Myanmar, ditemukan di dalam taman.', 11.45164966583252000000, 98.98802947998047000000),
(122, 'Gunung Popa', '7', '187', 'Taman Nasional', '0', 500000, 'Mount Popa National Park', 'Tempat ini adalah permata tersembunyi di dataran gunung Popa dekat dataran Bagan Myanmar. Monyet daun kehitaman, kijang, babi hutan, dan banyak burung mencari perlindungan di hutan Than-Dahat yang langka ini. Popa dikenal sebagai tempat tinggal bagi banyak Nats (roh nenek moyang) yang tinggal di berbagai bagian gunung. Bukti kepercayaan ini ada di mana-mana di gunung ini melalui kuil-kuil Nat, legenda, persembahan upacara, dan peziarah. Gunung Popa ditandai sebagai taman nasional yang memberi jalan bagi ekowisata. Tempat ini tidak begitu populer tetapi sangat indah dan tempat yang beragam secara ekologis tersembunyi dari dunia. Tempat ini juga merupakan tempat bagi banyak monyet karena mereka sekarang menjadi bagian dari tempat yang menakjubkan ini.', 20.92070770263672000000, 95.25334930419922000000),
(123, 'Loimwe', '7', '192', 'Kawasan Lindung Nasional', '0', 100000, 'Loimwe Protected Area', 'Kawasan Lindung Loimwe adalah kawasan lindung di Negara Bagian Shan Myanmar, seluas 41,35 km2 (15,97 sq mi). Ini berkisar di ketinggian 925-1.920 m (3.035-6.299 kaki) dan pelabuhan hutan bukit kering diselingi dengan pohon pinus. Didirikan pada tahun 1996 dan dikelola oleh Departemen Kehutanan Kotapraja Kengtung.', 21.17192649841308600000, 99.75392913818360000000),
(124, 'Kandawgyi', '7', '187', 'Kebun Raya', '0', 250000, 'National Kandawgyi Botanical Garden', 'Pada tahun 1915, seorang Peneliti Hutan Mr. Alex Rogers mendirikan Kebun Raya. Dia merencanakan, memilih, menempatkan, dan menetapkannya sebagai taman internasional. Baru-baru ini setelah pembangunan taman, pada tahun 1917, Mr Otway Wheeler Cuffe dan istrinya Mr Charlotte Wheeler Cuffe membantu Mr Rogers dengan ide-ide, pembentukan, lansekap, dan membangun taman setelah London Kew Gardens. Sebelumnya luasnya hanya 150 hektar. Tujuan taman ini adalah Sebagai pusat rekreasi bagi masyarakat, Menyelenggarakan kegiatan pendidikan yang berkaitan dengan konservasi pohon dan hutan agar masyarakat tertarik dan menghargai nilai-nilai pohon dan bunga, Membantu para ahli botani dan peneliti dalam penelitiannya. studi, Mengumpulkan dan memperbanyak jenis tumbuhan langka dan terancam punah untuk lestari, melakukan kegiatan penelitian dan membantu pengembangan industri ekowisata.', 21.93610954284668000000, 96.06131744384766000000),
(125, 'Mergui', '7', '193', 'Kepulauan', '0', 400000, 'Mergui Archipelago', 'Kepulauan Myeik (atau Mergui) yang indah dan terpencil terletak di Laut Andaman di lepas pantai Myanmar selatan. Untuk mengunjungi pulau-pulau yang luar biasa ini, Anda perlu mengikuti tur berpemandu dan sebagian besar masih belum ditemukan oleh wisatawan, yang merupakan bagian besar dari daya tarik mereka – memang banyak dari mereka yang hanya dihuni oleh satwa liar yang berwarna-warni. Terdiri dari lebih dari 800 pulau yang bervariasi dalam ukuran dari yang lebih kecil dengan hanya beberapa pohon palem hingga pulau-pulau yang lebih besar beberapa ratus kilometer persegi, kepulauan ini menawarkan peluang besar untuk eksplorasi dan menyelam di antara kehidupan laut yang spektakuler dan terumbu karang yang belum tersentuh, dengan kapal pesiar dan kapal pesiar yang dirancang untuk tujuan itu.', 12.44922924041748000000, 98.62705993652344000000),
(126, 'Alungdaw Kathapa', '7', '191', 'Taman Nasional', '1', 250000, 'Alaungdaw Kathapa National Park', 'Pada tahun 1893, daerah pegunungan antara Sungai Chindwin dan Myittha ini dinyatakan sebagai hutan lindung dan ditebang secara selektif untuk kayu jati. Itu sedikit terganggu ketika surveyor dari Organisasi Pangan dan Pertanian dan Program Pembangunan PBB mengunjunginya pada awal 1980-an, yang diundang oleh Pemerintah Myanmar untuk membantu mengidentifikasi daerah yang cocok untuk taman nasional dan cagar alam. Pada tahun 1984, mereka mengusulkan untuk membangun sebidang tanah seluas 1.606 km2 (620 sq mi) sebagai Taman Nasional Alaungdaw Kathapa. Namanya menghormati seorang biarawan legendaris yang tinggal di sana pada zaman sejarah. Taman Nasional Alaungdaw Kathapa memiliki hutan gugur campuran, hutan cemara dan hutan pinus dengan 165 spesies pohon dan 39 spesies tanaman obat.', 22.32092857360840000000, 94.43878936767578000000),
(127, 'Hkakaborazi', '7', '183', 'Taman Nasional', '1', 650000, 'Hkakaborazi National Park', 'Taman Nasional Hkakaborazi adalah sebuah taman nasional di Myanmar utara dengan luas 3.812,46 km2 (1.472,00 sq mi). Didirikan pada tahun 1998. Itu mengelilingi Hkakabo Razi, gunung tertinggi di negara ini. Tingginya berkisar antara 900 hingga 5.710 meter (2.950 hingga 18.730 kaki) yang terdiri dari hutan hijau dan hutan gugur campuran di Kotapraja Nogmung, Negara Bagian Kachin. Ini dikelola oleh Divisi Pelestarian Alam dan Satwa Liar. Itu bersebelahan dengan Suaka Margasatwa Bumhpa Bum dan Suaka Margasatwa Lembah Hukaung. Kawasan lindung ini bersama dengan Suaka Margasatwa Hponkanrazi terdiri dari hamparan hutan alam terbesar yang disebut Kompleks Hutan Utara yang membentang di area seluas 30.105 km2 (11.624 sq mi). Tujuannya adalah untuk melestarikan keanekaragaman hayati di DAS Ayeyarwady dan Chindwin.', 28.32999992370605500000, 97.53472137451172000000),
(128, 'Danau Indawgyi', '7', '183', 'Suaka Margasatwa', '1', 500000, 'Indawgyi Lake Wildlife Sanctuary', 'Indawgyi Lake Wildlife Sanctuary (ILWS) berisi Danau Indawgyi, danau air tawar terbesar di Myanmar, dan sebagian besar dari daerah aliran sungai berhutan di sekitarnya. Didirikan pada tahun 1999, ILWS mencakup 73.600 hektar dan memiliki ketinggian berkisar dari 169 m di permukaan danau hingga lebih dari 1.400 m. Danau mengalir ke utara dan mencakup 12.000 hektar perairan terbuka, bersama dengan rawa, vegetasi terapung, dan makrofita yang terendam. Padi ditanam berdekatan dengan danau di beberapa daerah dataran rendah, sementara hutan gugur campuran, hutan sungai yang hijau, dan hutan pinus bukit menutupi dataran tinggi di daerah aliran sungai. Setengah dari ILWS adalah hutan; sepertiganya adalah lahan basah non-beras. Spesies di ILWS termasuk burung air yang terancam punah secara global serta spesies ikan dan penyu endemik.', 25.13500022888183600000, 96.33333587646484000000),
(129, 'Danau Inlé', '7', '192', 'Suaka Margasatwa', '1', 250000, 'Inlé Lake Wildlife Sanctuary', 'Danau Inle adalah danau terbesar kedua di Myanmar, setelah Danau Indawgyi di Negara Bagian Kachin. Danau ini ditetapkan sebagai Suaka Margasatwa pada tahun 1985 dan mencakup 64.200 hektar (642 kilometer persegi) di Kotapraja Nyaung Shwe, Pinlaung dan Peh Kon di Negara Bagian Shan Selatan. Terletak 881 meter di atas permukaan laut, Danau besar ini merupakan daerah aliran sungai dan sumber air yang penting untuk listrik dan keperluan rumah tangga bagi orang-orang yang tinggal di empat kota dan desa-desa kecil yang tak terhitung jumlahnya yang mengangkangi Danau. Komunitas lokal yang tinggal di dekat Danau adalah Intha, yang sebagian besar beragama Buddha. Mereka menggunakan perahu tradisional kecil untuk transportasi, dan untuk menangkap ikan, pekerjaan paling populer di kalangan penduduk setempat.', 20.58629226684570300000, 96.91017913818360000000),
(130, 'Pulau Lampi', '7', '193', 'Taman Nasional', '1', 300000, 'Lampi Island Marine National Park', 'Taman Nasional Laut Lampi adalah satu-satunya taman nasional laut di Myanmar. Ini melindungi keanekaragaman hayati yang kaya lebih dari 1000 spesies hewan, tumbuhan dan kehidupan laut. Taman ini mencakup banyak spesies yang dilindungi secara global, termasuk rangkong berkantung polos, elang elang Wallace, penyu tempayan dan penyu hijau, trenggiling sunda, dan dugong. Ini meliputi Pulau Lanbi dan beberapa pulau kecil di Kepulauan Mergui, yang terdiri dari terumbu karang, padang lamun, bakau, bukit pasir dan hutan hijau tropis hingga ketinggian 455 m (1.493 kaki). Taman nasional ini merupakan Kawasan Burung Penting dan salah satu Taman Warisan ASEAN. Akses dibatasi untuk kunjungan siang hari.', 12.08963298797607400000, 99.01151275634766000000),
(131, 'Meinmahla Kyun', '7', '180', 'Suaka Margasatwa', '1', 250000, 'Meinmahla Kyun Wildlife Sanctuary', 'Meinmahla Kyun merupakan suaka margasatwa yang berada di Myanmar. Suaka margasatwa ini memiliki luas 13.670 hektar. Taman ini didirikan untuk melindungi hutan bakau yang tersisa dan sebagai tempat perlindungan bagi buaya muara dan burung air serta burung pantai. Selain itu juga merupakan tempat berkembangbiak ikan dan udang, kawasan penelitian konservasi mangrove dan satwa liar, serta pusat pendidikan lingkungan. Terdapat beragam kekayaan biologi yang ada di suka margasatwa ini, seperti 40 jenis mangrove, 53 jenis tanaman obat, 15 jenis mamalia, 88 jenis burung, 59 jenis ikan, 12 jenis udang, 10 jenis kepiting, 26 jenis ular, dan satu jenis buaya. Ada juga beberapa kegiatan yang dapat dilakukan diantaranya mengamati burung dan berbagai jenis satwa liar, dan menyaksikan penyu bertelur di bulan November hingga Januari.', 15.96372699737548800000, 95.29979705810547000000),
(132, 'Natmataung', '7', '182', 'Taman Nasional', '1', 400000, 'Natmataung National Park', 'Natmataung National Park (NTNP; juga dikenal sebagai Nat Ma Taung atau Natmataung) terletak di Negara Bagian Chin di barat Myanmar. Taman ini mencakup 72.300 hektar Chin Hills dan berisi Gunung Natma Taung, yang menjulang 2.200 m di atas lanskap sekitarnya hingga ketinggian 3.051 m (Platt et al. 2012). NTNP luar biasa untuk kehidupan tumbuhannya, yang sangat beragam dan memberikan wawasan tentang sejarah biogeografis Asia. Ini juga merupakan situs penting untuk konservasi satwa liar, yang berisi banyak burung, mamalia, dan reptil yang terancam punah. NTNP adalah Kawasan Burung Penting dan terletak di Kawasan Burung Endemik Himalaya Timur. Ini adalah Taman Warisan ASEAN dan terdaftar sebagai Situs Aliansi untuk Kepunahan Nol karena Nuthatch beralis putih, yang endemik di NTNP.', 21.23324203491211000000, 93.90289306640625000000),
(133, 'Htamanthi', '7', '191', 'Suaka Margasatwa', '1', 300000, 'Htamanthi Wildlife Sanctuary', 'Htamanthi merupakan suaka margasatwa yang terletak di kotapraja Homalin dan Kamti, wilayah Sagaing. Htamanthi terletak di zona transisi dari tiga tempat keanekaragaman hayati. Suaka margasatwa ini terdiri dari hutan semi-hijau, hutan rawa, dan hutan gugur campuran kering. Terdapat beberapa flora unik, yaitu Jati Tectona grandis, kayu besi Xylia xylocarpa, dan ka nyin shorea robusta. Selain itu di tempat ini memiliki kekayaan biologis lainnya, yaitu 266 spesies burung, lebih dari 38 mamalia, 120 kupu-kupu, 16 anggrek, dan 77 reptil. Tempat ini cocok dijadikan sebagai tempat ekowisata.', 25.34496688842773400000, 95.23710632324219000000),
(134, 'Kui Buri', '9', '255', 'Taman Nasional', '0', 150000, 'Kui Buri National Park', 'Didirikan sebagai taman nasional pada tahun 1999, Taman Nasional Kui Buri mencakup 969 km² di Provinsi Prachuap Khiri Khan, sekitar 85 km barat daya dari tujuan wisata populer Hua Hin.Pegunungan taman adalah bagian dari Tenasserim Hills Range, yang membentang di banyak kawasan lindung di Thailand dan Myanmar. Hutan taman terdiri dari hutan cemara kering dan lembab dengan pohon-pohon seperti Dipterocarpus tuberculatus, Hopea odorata, Terminalia chebula dan berbagai jenis palem.Taman ini adalah satu-satunya tempat di Thailand di mana kayu cendana dapat dipanen untuk kremasi anggota keluarga kerajaan. Sembilan pohon ditebang untuk kremasi Raja Bhumibol Adulyadej. Seorang brahmana kerajaan menghabiskan satu bulan memilih pohon yang memenuhi kriteria kerajaan: mereka harus mati dan telah berusia lebih dari 100 tahun.', 12.05711555480957000000, 99.85603332519531000000),
(135, 'Doi Inthanon', '9', '215', 'Taman Nasional', '0', 600000, 'Doi Inthanon National Park', 'Doi Inthanon merupakan tempat tertinggi di Thailand yang memiliki ketinggian sekitar 2.565 – 3341 meter di atas laut. Berlokasi di Chiang Mai di bagian Utara Thailand. Doi Inthanon merupakan taman nasional terpopuler di Negeri Gajah Putih. Taman ini luasnya 482 kilometer persegi. Doi Inthanon merupakan taman nasional yang memiliki banyak tempat indah dan bersejarah, antara lain Royal Agricultural Station,Ban Mae Klang Luang, dan Wachirathan Waterfall. Suasana di Doi Inthanon sejuk dan memiliki udara segar karena terletak di dataran tinggi.Doi Inthanon ini juga ada kuil yang merupakan tempat disemayamkannya King Inthanon. Banyak orang yang berkunjung ke sini untuk berziarah dengan bunga di kuil ini. Selain itu terdapat juga dua pagoda, yang merupakan pagoda kembar dengan nama Naphamethanidon dan Naphapholphumisiri. keberadaan dua pagoda ini untuk membatalkan tahun raja dan ratu.Di dalam pagoda tersebut terdapat patung Buddha dan cerita perjalanan Buddha.', 18.58804321289062500000, 98.48706054687500000000),
(136, 'Erawan', '9', '221', 'Taman Nasional', '0', 550000, 'Erawan National Park', 'Taman Nasional Erawan adalah taman seluas 550 km2 di Thailand barat di Perbukitan Tenasserim Provinsi Kanchanaburi, Amphoe Si Sawat di tambon Tha Kradan. Didirikan pada 14 Agustus 1975, itu adalah taman nasional ke-12 Thailand. Daya tarik utama taman ini adalah Air Terjun Erawan, air terjun yang dinamai Erawan, gajah putih berkepala tiga dalam mitologi Hindu. Air terjun tujuh tingkat ini konon mirip Erawan. Ada empat gua di taman: Mi, Rua, Wang Badan, dan Phrathat. Di sebelah timur laut area air terjun terdapat bukit berbentuk dada bernama Khao Nom Nang. Hutan gugur campuran menyumbang 81,05% dari luas taman nasional. Hutan dipterokarpa gugur menyumbang 1,68% dari luas taman nasional. Hutan cemara kering menyumbang 14,35% dari luas taman nasional', 14.37549591064453100000, 99.14395904541016000000),
(137, 'Huai Yang Waterfall', '9', '255', 'Taman Nasional', '0', 350000, 'Huai Yang Waterfall Naitonal Park', 'Taman Nasional Air Terjun Huai Yang adalah kawasan lindung yang lebih kecil yang terletak di Pegunungan Tanao Sri di perbatasan dengan Myanmar. Didirikan sebagai taman nasional pada 8 Desember 1991, taman ini mencakup 161 km² di Provinsi Prachuap Khiri Khan, sekitar 35 km dari pusat kota dan 125 km dari Hua Hin. Atraksi utama taman ini adalah beberapa air terjun dan jalan setapak.Taman ini merupakan daerah pegunungan dengan ketinggian antara 200 hingga 800 meter di atas permukaan laut, daerah aliran sungai yang penting di daerah tersebut. Habitat hutan adalah bagian dari kawasan hutan luas yang membentang di Myanmar, Taman Nasional Lenya yang berdekatan di sisi lain perbatasan adalah 1.761 km².Hutan ini terdiri dari hutan gugur campuran, hijau abadi dan hutan hijau kering. Mamalia menarik yang menghuni taman ini adalah serow Indochina, babi hutan, macan tutul, kijang, landak, lutung, dan siamang.', 11.62572669982910200000, 99.66973876953125000000),
(138, 'Khao Phra - Bang Khram', '9', '223', 'Suaka Margasatwa', '0', 400000, 'Khao Phra-Bang Khram Wildlife Sanctuary', 'Khao Phra - Suaka Margasatwa Bang Khram adalah tujuan wisata yang sangat populer di Provinsi Krabi, selatan Thailand. Terletak sekitar 56 km tenggara Kota Krabi dan 18 km timur dari Khlong Thom. Tempat suci ini cukup kecil, sekitar 183 km², sebagian sangat komersial, terutama karena kolamnya yang berwarna hijau zamrud dan biru yang menarik banyak wisatawan asing dan lokal setiap hari. Ini adalah salah satu atraksi paling populer di Provinsi Krabi. Atraksi utama adalah Emerald and Blue Pools dengan airnya yang jernih dan serangkaian jalur sepanjang 2,7 km. Taman ini juga merupakan tujuan yang sangat populer di kalangan birders di mana beberapa burung langka dapat ditemukan. Hutan suaka margasatwa adalah salah satu hutan dataran rendah terakhir yang tersisa di negara ini. Ketinggian di cagar alam bervariasi dari sekitar 50 meter hingga sekitar 320 meter dpl. Musim hujan umumnya dimulai pada bulan Mei dan berlanjut hingga November. Sebagian besar hujan turun pada bulan Juni hingga Oktober.', 7.92258262634277300000, 99.26001739501953000000),
(139, 'Huai Kha Khaeng', '9', '279', 'Suaka Margasatwa', '0', 150000, 'Huai Kha Khaeng Wildlife Sanctuary', 'Satwa Liar Huai Kha Khaeng berada di Provinsi Uthai Thani dan Tak, Thailand. Taman ini didirikan pada tahun 1974, dan merupakan bagian dari kompleks hutan tropis musiman utuh terbesar di Daratan Asia Tenggara. Itu, ditambah dengan Suaka Margasatwa Thungyai Naresuan dinyatakan sebagai Situs Warisan Dunia oleh PBB pada tahun 1991. Bersama-sama, kedua cagar alam menempati 622.200 hektar. Pada tahun 2014 masih terdapat populasi mamalia besar yang layak, termasuk siamang, beruang, gajah dan harimau Indochina, meskipun seperti semua situs lain di daratan Asia Tenggara, beberapa spesies telah menghilang atau mengalami penurunan yang parah.', 15.60864353179931600000, 99.32084655761719000000),
(140, 'Phan Buri', '9', '255', 'Taman Hutan', '0', 200000, 'Phan Buri Forest Park', 'Taman Hutan Pranburi adalah Proyek Pengembangan Hutan Pak Nam Pranburi karena Inisiatif Kerajaan Ratu Sirikit untuk menciptakan atraksi ekowisata. Terdapat jalan setapak sepanjang 1 kilometer untuk mempelajari ekosistem mangrove. Hanya dengan berjalan kaki ke dalam hutan bakau yang berusia ratusan tahun ini, terik matahari dari Pantai Pran Buri seakan telah hilang. Taman Hutan Raya Pran Buri merupakan tempat belajar ekosistem bakau dengan pantai pasir putih yang indah. Selain itu, panorama Khao Takiab dan Khao Tao dapat dilihat di sisi timur taman hutan. Taman Hutan Pran Buri adalah Proyek Pengembangan Hutan Pak Nam Pranburi karena Inisiatif Kerajaan dari Yang Mulia Ratu Sirikit. Taman hutan raya ini terletak di atas lahan seluas 3.174.400 meter persegi, namun sekitar 1.120.000 meter persegi tidak dinyatakan sebagai taman hutan. Selain itu, ada Sungai Pran Buri yang melewati tengah hutan.', 12.39583587646484400000, 99.85713958740234000000),
(141, 'Phu Khiao', '9', '213', 'Suaka Margasatwa', '0', 450000, 'Phu Khiao Wildlife Sanctuary', 'Phu Khieo mencakup 1.560 km² di Provinsi Chaiyaphum di Kompleks Isaan Barat. Suaka ini berbatasan dengan tiga kawasan lindung lainnya; Taman Nasional Nam Nao di utara, Taman Nasional Tat Mok di barat, dan Suaka Margasatwa Ta Bao-Huai Yai di barat daya.Hutan terdiri dari hutan gugur campuran dan hutan dipterokarpa dengan beberapa hutan semi-hijau di bawah 800 meter dpl, elevasi yang lebih tinggi terutama hutan hijau bukit yang mencakup 55% dari cagar alam.Suaka Margasatwa Phu Khieo adalah bagian dari Kompleks Hutan Isaan Barat termasuk tiga taman nasional lainnya dan empat suaka margasatwa seluas 4.594 km². Musim hujan dari Mei hingga Oktober, musim dingin dari November hingga Februari, dan musim kemarau dari Maret hingga April.', 16.37633895874023400000, 102.12873077392578000000),
(142, 'Phi Phi', '9', '223', 'Pulau', '0', 800000, 'Phi Phi Islands', 'Kepulauan Phi Phi adalah kelompok pulau di Thailand antara pulau besar Phuket dan pantai Selat Malaka Thailand. Pulau-pulau tersebut secara administratif merupakan bagian dari Provinsi Krabi. Ko Phi Phi Don adalah pulau terbesar dan terpadat di grup, meskipun pantai di pulau terbesar kedua, Ko Phi Phi Le juga dikunjungi oleh banyak orang. Pulau-pulau lain dalam kelompok itu, termasuk Bida Nok, Bida Nai, dan Pulau Bambu , tidak lebih dari batu kapur besar yang menjorok ke laut. Pulau-pulau tersebut dapat dicapai dengan speedboat atau perahu ekor panjang paling sering dari kota Krabi atau dari dermaga di Provinsi Phuket.', 7.74073791503906250000, 98.77841186523438000000),
(143, 'Pang Sida', '9', '260', 'Taman Nasional', '0', 550000, 'Pang Sida National Park', 'Pang Sida dinyatakan sebagai taman nasional pada tahun 1982. Taman nasional ini terletak di dalam Kompleks Hutan Dong Phayayen-Khao Yai, sebuah Situs Warisan Dunia yang dideklarasikan oleh UNESCO, mencakup 5 kawasan lindung dari Khao Yai hingga perbatasan Kamboja. Kawasan lindung lainnya adalah; Taman Nasional Khao Yai, Taman Nasional Thap Lan, Taman Nasional Ta Phraya dan Suaka Margasatwa Dong Yai.Taman ini terdiri dari pegunungan hutan yang rimbun dengan lembah, tebing, padang rumput, dan air terjun. Hutan yang subur meliputi hutan cemara lembab, hutan cemara kering, dipterokarpa gugur, hutan gugur campuran, hutan cemara bukit.Taman Nasional Pang Sida adalah tujuan populer untuk air terjun, kupu-kupu, dan burungnya. Atraksi utama taman ini terletak 22 km utara Sa Kaew utara dari markas. Ada dua tempat berkemah, akomodasi taman untuk disewa, jalan setapak dan beberapa air terjun di sepanjang jalan ini. Ada juga sejumlah jalur yang mudah, sedang dan menantang.', 14.04304504394531200000, 102.23190307617188000000),
(144, 'Khao Yai', '9', '234', 'Taman Nasional', '1', 600000, 'Khao Yai National Park', 'Khao Yai adalah taman nasional terbaik di Thailand untuk pengunjung reguler di mana relatif mudah untuk melihat beberapa hewan yang mengesankan.Didirikan pada tahun 1962 sebagai taman nasional pertama Thailand, ini adalah taman nasional terbesar ketiga di Thailand. Terletak di Provinsi Nakhon Ratchasima, Khao Yai meluas ke provinsi Prachinburi, Saraburi dan Nakhon Nayok. Pos pemeriksaan utama taman ini berjarak 180 km dari Bangkok.Taman ini mencakup area seluas 2.168 km², termasuk hutan hujan sepanjang tahun dan padang rumput. Khao Rom setinggi 1.351 meter adalah gunung tertinggi di dalam taman. Ketinggian rata-rata taman nasional ini berkisar antara 400 hingga 1.000 meter dpl.Khao Yai adalah bagian dari Kompleks Hutan Dong Phayayen-Khao Yai; sebuah Situs Warisan Dunia yang dideklarasikan oleh UNESCO, meliputi 5 kawasan lindung dari Khao Yai hingga perbatasan Kamboja. Kawasan lindung lainnya adalah; Taman Nasional Pang Sida, Taman Nasional Thap Lan, Taman Nasional Ta Phraya dan Suaka Margasatwa Dong Yai.', 14.43915557861328100000, 101.37223052978516000000),
(145, 'Tarutao', '9', '266', 'Taman Laut', '1', 750000, 'Tarutao National Marine Park', 'Taman Laut Nasional Tarutao mencakup area seluas 1.490 km² di bagian paling selatan Thailand di lepas pantai di Provinsi Satun di Laut Andaman. Taman ini terdiri dari 51 pulau dalam dua kelompok; Kelompok Tarutao di sebelah timur dan Kelompok Adang-Rawi di sebelah barat. Ada tiga kepulauan di taman; Kepulauan Tarutao, Kepulauan Klang dan Kepulauan Adang. Nama Tarutao berasal dari Pulau Tertua (berarti \"pulau tua\") yang merupakan nama asli pulau utama.Taman Laut Nasional Tarutao dideklarasikan sebagai Taman dan Cagar Warisan ASEAN 1982. Taman ini juga merupakan kandidat Situs Warisan Dunia UNESCO pada tahun 1990 tetapi ditolak karena kekhawatiran seputar perlindungan sungai dan hutan, terutama di daerah dengan buaya air asin. Populasi buaya air asin terancam di Thailand, penampakan terjadi setiap beberapa tahun.', 6.59131765365600600000, 99.65641021728516000000),
(146, 'Ao Phang Nga', '9', '244', 'Taman Nasional', '1', 900000, 'Ao Phang Nga National Park', 'Taman Nasional Ao Phang Nga terletak di sepanjang pantai Provinsi Phang-Nga di selatan Thailand di Laut Andaman. Atraksi populer adalah Pulau James Bond, pulau karst batu kapur yang indah lainnya, sejumlah pantai berpasir putih dan beberapa gua. Perairan pirus yang mengelilingi pulau selalu tenang, sangat ideal untuk berkano. Ada tempat berkano yang menarik yaitu gua permukaan laut, yang mengarah ke laguna pedalaman.Taman ini mencakup area seluas 400 km², termasuk hutan bakau asli terbesar di Thailand di sepanjang daratan dan banyak pulau. Kota dan tujuan wisata populer terdekat adalah Phuket, Kepulauan Phi Phi, Krabi, Khao Lak, dan Ko Lanta.Selain keindahan alam, taman ini juga memiliki beberapa situs arkeologi yang berusia lebih dari 1.000 tahun, tetapi juga beberapa lukisan prasejarah di tebing. Alat-alat batu dan barang tembikar telah ditemukan di beberapa situs.', 8.45014095306396500000, 98.52552795410156000000),
(147, 'Surin', '9', '244', 'Kepulauan', '1', 700000, 'Surin Islands', 'Kepulauan Surin adalah salah satu tempat menyelam dan melihat kehidupan laut paling terkenal di dunia, tidak diragukan lagi yang terbaik di Thailand. Pulau-pulau tersebut berada di dalam Taman Nasional Mu Ko Surin.Kepulauan Surin adalah kepulauan dari lima pulau di dalam Taman Nasional Mu Ko Surin, di Provinsi Phang Nga. Pulau-pulau tersebut berjarak 55 km dari pantai, 100 km utara dari Kepulauan Similan di Laut Andaman dan hanya 18 km dari perbatasan laut Burma. Taman nasional ini mencakup area seluas 135 km² yang 76%-nya adalah laut.Pulau-pulau utama adalah Ko Surin Nuea dan Ko Surin Tai yang hanya berjarak 200 meter, koridor antara kedua pulau dangkal dan tempat yang populer untuk snorkeling. Tiga pulau kecil lainnya adalah Ko Ri, Ko Khai dan Ko Klang.Pulau-pulau tersebut adalah salah satu dari sedikit tempat yang belum tersentuh di Thailand. Selain desa kecil Moken dan tempat taman, tidak ada bangunan lain di pulau itu.', 8.45014095306396500000, 98.52552795410156000000),
(148, 'Similan', '9', '244', 'Kepulauan', '1', 700000, 'Similan Islands', 'Kepulauan Similan adalah kepulauan dari 11 pulau di Laut Andaman, 70 km di lepas pantai di Provinsi Phang Nga. Taman ini mencakup area seluas 140 km² dimana 26 km² adalah daratan.Dengan kekayaan biota laut yang terdiri dari terumbu karang keras dan lunak, perairan jernih dan pantai putih, Kepulauan Similan dianggap sebagai salah satu situs menyelam terbaik di dunia. Karakteristik utama dari pulau-pulau ini adalah formasi batuan yang terdiri dari batu-batu besar, perairan dangkal dan hutan tropis yang lebat.', 8.65786266326904300000, 97.64667510986328000000),
(149, 'Kaeng Krachan', '9', '255', 'Taman Nasional', '1', 600000, 'Kaeng Krachan National Park', 'Taman Nasional Kaeng Krachan terletak di Provinsi Phetchaburi dan Prachuap Khiri Khan, sekitar 60 km dari Phetchaburi dan 75 km dari Hua Hin, yang meliputi area seluas 2.914 km² sebagai taman nasional terbesar di Thailand. Taman ini merupakan bagian dari Kompleks Forex Barat yang mencakup 18.730 km² di 19 situs yang dilindungi antara Myanmar dan Thailand, dibatasi oleh Cagar Alam Tanintharyi di sepanjang perbatasan Myanmar ke barat.Dinyatakan sebagai taman nasional pada 12 Juni 1981 dan terdaftar sebagai Situs Warisan Dunia pada Juli 2021, Taman Nasional Kaeng Krachan adalah salah satu taman nasional terbaik di negara ini. Mungkin tidak ada situs lindung lain di negara ini yang memiliki keanekaragaman hewan yang begitu besar.Taman ini sangat populer untuk mengamati satwa liar, berkemah, hiking, dan pemandangannya yang mengesankan untuk lautan kabut. Taman ini juga memiliki beberapa air terjun berukuran sedang dan gua kecil. Selain itu juga terdapat dua sungai utama di taman yaitu Phetchaburi dan Pran Buri.', 11.81236743927002000000, 99.79732513427734000000),
(150, 'Hat Chao Mai', '9', '275', 'Taman Nasional', '1', 550000, 'Hat Chao Mai National Park', 'Taman Nasional Hat Chao Mai, yang diproklamasikan sebagai taman nasional laut pada 14 Oktober 1982, meliputi 2 distrik Kantang dan Sikao. Kantor pusat taman terletak di Pantai Chang Lang di Tambon Mai Fat, sekitar 47 kilometer dari kota.Taman nasional Hat Chao Mai terdiri dari Pantai dan 7 pulau yang terletak di Laut Andaman di Provinsi Trang. Seluruh wilayahnya meliputi dua kecamatan, yaitu Kecamatan Kun Tung dan Kecamatan Si Kao. Taman Nasional dibagi menjadi dua area. Area pertama merupakan objek wisata yang terkenal meliputi Pantai Pak Meng, Pantai Yao, Pantai Yao, Pantai Yong Ling, Pantai San, Pantai Chao Mai, sedangkan yang kedua menempati 7 pulau di Provinsi Trang, yaitu Koh Muk, Koh Kradan, Koh Chueak , Koh Pling, Koh Waen, Koh Meng, dan Koh Chao Mai. Bagi yang tertarik dan ingin belajar tentang rumput laut, terletak di taman ini merupakan lembaga penelitian laut yang fokus melakukan penelitian tentang rumput laut', 7.41206836700439450000, 99.34535217285156000000),
(151, 'Mo Ko Libong', '9', '275', 'Kepulauan', '1', 600000, 'Mu Ko Libong Islands', 'Ko Libong adalah salah satu dari 550 pulau di Laut Andaman.Terletak di lepas pantai Thailand, ini adalah sub-distrik Distrik Kantang, Trang Procince, yang meliputi Kepulauan Mu Ko Libong dan sebagian kecil garis pantai dekat Kantang.Ko Libong, pulau terbesar di Trang, berjarak 30 menit dengan perahu ekor panjang dari Dermaga Hat Yao Ban Chao Mai. Pulau ini adalah rumah bagi komunitas nelayan Muslim kecil dan memiliki beberapa resor di pantai pantai baratnya.Di pantai timur Ko Libong di Laem Ju Hoi terdapat kawasan hutan bakau yang luas dilindungi oleh Departemen Botani sebagai Suaka Margasatwa Kepulauan Libong.Saluran laut Ko Libong memiliki rumput laut, makanan favorit duyung langka, menjadikan Suaka Margasatwa Libong sebagai salah satu habitat terakhir spesies tersebut. Sekitar 180 makhluk bertahan hidup di sana. Dua ratus duyung diyakini masih ada di perairan Thailand sebagai tahun 2019, 180 di antaranya dari Ko Libong.', 7.23833703994751000000, 99.38395690917969000000),
(152, 'Mo Ko Ang Thong', '9', '272', 'Taman Nasional', '1', 700000, 'Mu Ko Ang Thong National Park', 'Taman Nasional Mu Ko Ang Thong adalah sebuah kepulauan dengan 42 pulau seluas 102 km² di pantai Provinsi Surat Thai di sebelah timur Ko Samui di Teluk Thailand. Taman ini terdaftar sebagai situs Ramsar oleh Konvensi Ramsar, sebuah perjanjian internasional untuk pengakuan lahan basah yang penting. Banyak sumber menyebut pulau-pulau itu sebagai \"Angthong\" yang salah, \"Ang Thong\" adalah ejaan yang benar dan berarti \"baskom emas\".Pulau-pulau tersebut mencakup 18 km² taman, yang utama adalah Ko Phaluai, Ko Wua Ta Lap, Ko Mae Ko, Ko Sam Sao, Ko Hin Dap, Ko Nai Phut dan Ko Phai Luak. Puncak tertinggi terletak di Ko Phaluai pada ketinggian 396 meter dpl. Pulau-pulau terutama terdiri dari bukit-bukit batu kapur yang terjal dan curam, lubang-lubang pembuangan, gua-gua dan danau-danau laut pedalaman. Ada satu desa nomaden di Ko Wua Ta Lap dan satu lagi di Ko Phaluai, pulau-pulau lain tidak berpenghuni.Markas besar dan beberapa fasilitas dasar terletak di Ko Wua Ta Lap.', 9.62328243255615200000, 99.67590332031250000000),
(153, 'Khao Sok', '9', '272', 'Taman Nasional', '1', 850000, 'Khao Sok National Park', 'Taman Nasional Khao Sok adalah hutan hujan dengan keanekaragaman hayati tumbuhan dan hewan yang luar biasa, ini adalah tujuan taman nasional daratan paling populer di Thailand Selatan. Taman ini adalah salah satu dari sedikit taman nasional di negara ini yang mudah diakses dengan transportasi umum.Atraksi utama Khao Sok adalah Danau Cheow Lan, margasatwa, bukit kapur yang ikonik, air terjun, rumah rakit yang tersebar di danau, jalan setapak, gua, dan sungai.Taman ini merupakan bagian dari Kompleks Hutan Khlong Saeng - Khao Sok yang mencakup 12 situs lindung seluas 5.316 km², termasuk beberapa pulau lepas pantai di Laut Andaman. Pegunungan di taman ini berada di sepanjang Pegunungan Phuket yang membentang dari Pulau Phuket lebih jauh ke utara ke Provinsi Ranong.', 8.98731422424316400000, 98.62943267822266000000);

-- --------------------------------------------------------

--
-- Table structure for table `profile`
--

CREATE TABLE `profile` (
  `profileId` int(3) NOT NULL,
  `profileName` varchar(31) DEFAULT NULL,
  `profilePhone` varchar(15) DEFAULT NULL,
  `profileEmail` varchar(63) DEFAULT NULL,
  `profilePassword` varchar(63) DEFAULT NULL
) ENGINE=InnoDB DEFAULT CHARSET=utf8mb4;

--
-- Dumping data for table `profile`
--

INSERT INTO `profile` (`profileId`, `profileName`, `profilePhone`, `profileEmail`, `profilePassword`) VALUES
(0, 'admin', '0', 'admin@admin.admin', 'admin123'),
(1, 'Dummy', '0812345678', '1@dummy.com', 'dummy123'),
(2, 'Icham', '08123456789', 'Icham12@gmail.com', 'icham123');

--
-- Indexes for dumped tables
--

--
-- Indexes for table `administrative`
--
ALTER TABLE `administrative`
  ADD PRIMARY KEY (`admId`);

--
-- Indexes for table `booking`
--
ALTER TABLE `booking`
  ADD PRIMARY KEY (`bookingId`);

--
-- Indexes for table `country`
--
ALTER TABLE `country`
  ADD PRIMARY KEY (`countryId`);

--
-- Indexes for table `destination`
--
ALTER TABLE `destination`
  ADD PRIMARY KEY (`destinationId`);

--
-- Indexes for table `profile`
--
ALTER TABLE `profile`
  ADD PRIMARY KEY (`profileId`);

--
-- AUTO_INCREMENT for dumped tables
--

--
-- AUTO_INCREMENT for table `administrative`
--
ALTER TABLE `administrative`
  MODIFY `admId` int(3) NOT NULL AUTO_INCREMENT, AUTO_INCREMENT=346;

--
-- AUTO_INCREMENT for table `booking`
--
ALTER TABLE `booking`
  MODIFY `bookingId` int(3) NOT NULL AUTO_INCREMENT, AUTO_INCREMENT=3;

--
-- AUTO_INCREMENT for table `country`
--
ALTER TABLE `country`
  MODIFY `countryId` int(11) NOT NULL AUTO_INCREMENT, AUTO_INCREMENT=11;

--
-- AUTO_INCREMENT for table `destination`
--
ALTER TABLE `destination`
  MODIFY `destinationId` int(3) NOT NULL AUTO_INCREMENT, AUTO_INCREMENT=154;

--
-- AUTO_INCREMENT for table `profile`
--
ALTER TABLE `profile`
  MODIFY `profileId` int(3) NOT NULL AUTO_INCREMENT, AUTO_INCREMENT=3;
COMMIT;

/*!40101 SET CHARACTER_SET_CLIENT=@OLD_CHARACTER_SET_CLIENT */;
/*!40101 SET CHARACTER_SET_RESULTS=@OLD_CHARACTER_SET_RESULTS */;
/*!40101 SET COLLATION_CONNECTION=@OLD_COLLATION_CONNECTION */;
